term_str,Unnamed: 0,n,p,i,dfidf,porter_stem,max_pos,max_pos_group,stop
fine,3781,39,8.220771993726919e-05,13.570366594006147,32.90459014958683,fine,NN,NN,0
worn,12272,28,5.902092713444967e-05,14.04841389081079,32.90459014958683,worn,NN,NN,0
nice,7022,90,0.0001897101229321,12.36391571653872,32.90459014958683,nice,JJ,JJ,0
remote,8514,29,6.112881738925145e-05,13.997787817740823,32.90459014958683,remot,NN,NN,0
horror,5261,36,7.588404917286387e-05,13.685843811426082,32.90459014958683,horror,NN,NN,0
task,10600,36,7.588404917286387e-05,13.685843811426082,32.90459014958683,task,NN,NN,0
helm,5023,85,0.0001791706716581,12.446377876730692,32.90459014958683,helm,NN,NN,0
understood,11347,28,5.902092713444967e-05,14.04841389081079,32.90459014958683,understood,NN,NN,0
crack,2176,40,8.431561019207097e-05,13.533840717981032,32.90459014958683,crack,NN,NN,0
pardon,7507,35,7.377615891806209e-05,13.726485795923429,32.90459014958683,pardon,NN,NN,0
break,1192,37,7.799193942766564e-05,13.646315447239443,32.90459014958683,break,NN,NN,0
afternoon,144,36,7.588404917286387e-05,13.685843811426082,32.90459014958683,afternoon,NN,NN,0
seek,9122,55,0.000115933964014,13.074409099343736,32.90459014958683,seek,NN,NN,0
endure,3281,32,6.745248815365677e-05,13.855768812868396,32.90459014958683,endur,NN,NN,0
glimpse,4439,31,6.5344597898855e-05,13.90157250248152,32.90459014958683,glimps,NN,NN,0
burst,1368,36,7.588404917286387e-05,13.685843811426082,32.90459014958683,burst,NN,NN,0
eager,3096,28,5.902092713444967e-05,14.04841389081079,32.90459014958683,eager,NN,NN,0
ate,503,32,6.745248815365677e-05,13.855768812868396,32.90459014958683,ate,NN,NN,0
storm,10187,50,0.00010539451274,13.21191262309367,32.90459014958683,storm,NN,NN,0
hither,5144,42,8.853139070167451e-05,13.463451390089634,32.90459014958683,hither,NN,NN,0
story,10192,60,0.0001264734152881,12.948878217259876,32.90459014958683,stori,NN,NN,0
strike,10259,28,5.902092713444967e-05,14.04841389081079,32.90459014958683,strike,NN,NN,0
strider,10255,232,0.000489030539114,10.997787817740823,32.90459014958683,strider,NN,NN,0
beautiful,732,55,0.000115933964014,13.074409099343736,32.90459014958683,beauti,NN,NN,0
desperate,2621,35,7.377615891806209e-05,13.726485795923429,32.90459014958683,desper,NN,NN,0
dwell,3056,45,9.485506146607982e-05,13.36391571653872,32.90459014958683,dwell,NN,NN,0
hole,5183,59,0.0001243655250333,12.973125763506554,32.90459014958683,hole,NN,NN,0
slain,9539,53,0.0001117181835044,13.127848358305195,32.88482321849072,slain,NN,NN,0
endless,3276,32,6.745248815365677e-05,13.855768812868396,32.88482321849072,endless,NN,NN,0
skill,9511,32,6.745248815365677e-05,13.855768812868396,32.88482321849072,skill,NN,NN,0
sense,9150,42,8.853139070167451e-05,13.463451390089634,32.88482321849072,sens,NN,NN,0
knife,5820,43,9.063928095647628e-05,13.429504058166298,32.88482321849072,knife,NN,NN,0
clearer,1784,24,5.0589366115242574e-05,14.27080631214724,32.88482321849072,clearer,NN,NN,0
service,9175,43,9.063928095647628e-05,13.429504058166298,32.88482321849072,servic,NN,NN,0
clean,1779,36,7.588404917286387e-05,13.685843811426082,32.88482321849072,clean,NN,NN,0
enter,3319,43,9.063928095647628e-05,13.429504058166298,32.88482321849072,enter,NN,NN,0
hewn,5080,29,6.112881738925145e-05,13.997787817740823,32.88482321849072,hewn,NN,NN,0
stern,10115,31,6.5344597898855e-05,13.90157250248152,32.88482321849072,stern,NN,NN,0
bird,909,30,6.323670764405322e-05,13.948878217259876,32.88482321849072,bird,NN,NN,0
meaning,6523,28,5.902092713444967e-05,14.04841389081079,32.88482321849072,mean,NN,NN,0
garden,4308,50,0.00010539451274,13.21191262309367,32.88482321849072,garden,NN,NN,0
gamgee,4290,45,9.485506146607982e-05,13.36391571653872,32.88482321849072,gamge,NN,NN,0
waste,11882,31,6.5344597898855e-05,13.90157250248152,32.88482321849072,wast,NN,NN,0
galadriel,4275,83,0.0001749548911485,12.48072938152147,32.88482321849072,galadriel,NN,NN,0
lore,6265,49,0.0001032866224852,13.241058968753189,32.88482321849072,lore,NN,NN,0
race,8225,33,6.956037840845854e-05,13.811374693509942,32.88482321849072,race,NN,NN,0
smooth,9664,37,7.799193942766564e-05,13.646315447239443,32.88482321849072,smooth,NN,NN,0
heed,5006,30,6.323670764405322e-05,13.948878217259876,32.88482321849072,heed,NN,NN,0
bow,1133,41,8.642350044687274e-05,13.498216808250312,32.88482321849072,bow,NN,NN,0
loss,6272,27,5.69130368796479e-05,14.100881310704926,32.88482321849072,loss,NN,NN,0
flight,3910,32,6.745248815365677e-05,13.855768812868396,32.88482321849072,flight,NN,NN,0
catch,1536,32,6.745248815365677e-05,13.855768812868396,32.88482321849072,catch,NN,NN,0
flash,3870,31,6.5344597898855e-05,13.90157250248152,32.88482321849072,flash,NN,NN,0
order,7303,40,8.431561019207097e-05,13.533840717981032,32.88482321849072,order,NN,NN,0
chair,1598,52,0.0001096102932496,13.155329094727303,32.88482321849072,chair,NN,NN,0
search,9090,36,7.588404917286387e-05,13.685843811426082,32.88482321849072,search,NN,NN,0
pool,7876,47,9.907084197568336e-05,13.301179961190758,32.88482321849072,pool,NN,NN,0
gentle,4360,29,6.112881738925145e-05,13.997787817740823,32.88482321849072,gentl,NN,NN,0
language,5916,33,6.956037840845854e-05,13.811374693509942,32.88482321849072,languag,NN,NN,0
shout,9358,32,6.745248815365677e-05,13.855768812868396,32.88482321849072,shout,NN,NN,0
different,2673,38,8.009982968246742e-05,13.607841299424807,32.88482321849072,differ,JJ,JJ,0
guide,4719,38,8.009982968246742e-05,13.607841299424807,32.88482321849072,guid,NN,NN,0
wet,12019,36,7.588404917286387e-05,13.685843811426082,32.88482321849072,wet,NN,NN,0
deeper,2498,40,8.431561019207097e-05,13.533840717981032,32.88482321849072,deeper,NN,NN,0
wouldn,12287,31,6.5344597898855e-05,13.90157250248152,32.88482321849072,wouldn,NN,NN,1
mirkwood,6667,41,8.642350044687274e-05,13.498216808250312,32.88482321849072,mirkwood,NN,NN,0
sorry,9789,37,7.799193942766564e-05,13.646315447239443,32.88482321849072,sorri,NN,NN,0
dimly,2690,30,6.323670764405322e-05,13.948878217259876,32.88482321849072,dimli,NN,NN,0
reckon,8373,30,6.323670764405322e-05,13.948878217259876,32.88482321849072,reckon,NN,NN,0
hollow,5188,53,0.0001117181835044,13.127848358305195,32.88482321849072,hollow,NN,NN,0
vale,11629,54,0.0001138260737592,13.100881310704926,32.86161143197726,vale,NN,NN,0
amazement,247,27,5.69130368796479e-05,14.100881310704926,32.86161143197726,amaz,NN,NN,0
foul,4117,57,0.0001201497445237,13.022878798703651,32.86161143197726,foul,NN,NN,0
wisdom,12174,45,9.485506146607982e-05,13.36391571653872,32.86161143197726,wisdom,NN,NN,0
wake,11800,50,0.00010539451274,13.21191262309367,32.86161143197726,wake,NN,NN,0
meeting,6543,34,7.166826866326032e-05,13.768305971618055,32.86161143197726,meet,NN,NN,0
choice,1707,54,0.0001138260737592,13.100881310704926,32.86161143197726,choic,NN,NN,0
carry,1514,36,7.588404917286387e-05,13.685843811426082,32.86161143197726,carri,NN,NN,0
welcome,11986,55,0.000115933964014,13.074409099343736,32.86161143197726,welcom,NN,NN,0
dread,2936,44,9.274717121127804e-05,13.396337194231098,32.86161143197726,dread,NN,NN,0
nigh,7030,33,6.956037840845854e-05,13.811374693509942,32.86161143197726,nigh,JJ,JJ,0
pity,7760,57,0.0001201497445237,13.022878798703651,32.86161143197726,piti,NN,NN,0
draw,2930,32,6.745248815365677e-05,13.855768812868396,32.86161143197726,draw,NN,NN,0
fit,3833,32,6.745248815365677e-05,13.855768812868396,32.86161143197726,fit,NN,NN,0
prove,8087,32,6.745248815365677e-05,13.855768812868396,32.86161143197726,prove,NN,NN,0
stroke,10274,44,9.274717121127804e-05,13.396337194231098,32.86161143197726,stroke,NN,NN,0
crown,2268,51,0.0001075024029948,13.1833434708969,32.86161143197726,crown,NN,NN,0
bearer,720,42,8.853139070167451e-05,13.463451390089634,32.86161143197726,bearer,NN,NN,0
host,5275,91,0.0001918180131869,12.3479741726697,32.86161143197726,host,NN,NN,0
dwelt,3062,51,0.0001075024029948,13.1833434708969,32.86161143197726,dwelt,NN,NN,0
weight,11984,38,8.009982968246742e-05,13.607841299424807,32.86161143197726,weight,NN,NN,0
afar,125,34,7.166826866326032e-05,13.768305971618055,32.86161143197726,afar,NN,NN,0
steel,10096,38,8.009982968246742e-05,13.607841299424807,32.86161143197726,steel,NN,NN,0
perilous,7653,38,8.009982968246742e-05,13.607841299424807,32.86161143197726,peril,JJ,JJ,0
breast,1199,45,9.485506146607982e-05,13.36391571653872,32.86161143197726,breast,NN,NN,0
brink,1255,41,8.642350044687274e-05,13.498216808250312,32.86161143197726,brink,NN,NN,0
harm,4871,38,8.009982968246742e-05,13.607841299424807,32.86161143197726,harm,NN,NN,0
content,2036,35,7.377615891806209e-05,13.726485795923429,32.86161143197726,content,NN,NN,0
thank,10685,34,7.166826866326032e-05,13.768305971618055,32.86161143197726,thank,NN,NN,0
thunder,10827,38,8.009982968246742e-05,13.607841299424807,32.86161143197726,thunder,NN,NN,0
swept,10505,36,7.588404917286387e-05,13.685843811426082,32.86161143197726,swept,NN,NN,0
anyone,345,31,6.5344597898855e-05,13.90157250248152,32.86161143197726,anyon,NN,NN,0
hiding,5089,40,8.431561019207097e-05,13.533840717981032,32.86161143197726,hide,NN,NN,0
fresh,4161,34,7.166826866326032e-05,13.768305971618055,32.86161143197726,fresh,JJ,JJ,0
twenty,11225,46,9.69629517208816e-05,13.332206856811382,32.86161143197726,twenti,NN,NN,0
gear,4348,38,8.009982968246742e-05,13.607841299424807,32.79945663977042,gear,NN,NN,0
spent,9875,26,5.480514662484612e-05,14.155329094727303,32.79945663977042,spent,NN,NN,0
victory,11711,38,8.009982968246742e-05,13.607841299424807,32.79945663977042,victori,NN,NN,0
deeply,2501,27,5.69130368796479e-05,14.100881310704926,32.79945663977042,deepli,NN,NN,0
finger,3786,36,7.588404917286387e-05,13.685843811426082,32.79945663977042,finger,NN,NN,0
gap,4301,33,6.956037840845854e-05,13.811374693509942,32.79945663977042,gap,NN,NN,0
depart,2570,29,6.112881738925145e-05,13.997787817740823,32.79945663977042,depart,NN,NN,0
rise,8708,26,5.480514662484612e-05,14.155329094727303,32.79945663977042,rise,NN,NN,0
breakfast,1194,33,6.956037840845854e-05,13.811374693509942,32.79945663977042,breakfast,NN,NN,0
shore,9338,52,0.0001096102932496,13.155329094727303,32.79945663977042,shore,NN,NN,0
fly,3959,35,7.377615891806209e-05,13.726485795923429,32.79945663977042,fli,NN,NN,0
fool,3997,50,0.00010539451274,13.21191262309367,32.79945663977042,fool,NN,NN,0
pay,7581,27,5.69130368796479e-05,14.100881310704926,32.79945663977042,pay,NN,NN,0
bending,835,27,5.69130368796479e-05,14.100881310704926,32.79945663977042,bend,NN,NN,0
rumour,8857,33,6.956037840845854e-05,13.811374693509942,32.79945663977042,rumour,NN,NN,0
winter,12167,44,9.274717121127804e-05,13.396337194231098,32.79945663977042,winter,NN,NN,0
force,4030,39,8.220771993726919e-05,13.570366594006147,32.79945663977042,forc,NN,NN,0
boromir,1106,277,0.00058388560058,10.742026646819207,32.79945663977042,boromir,NN,NN,0
chosen,1721,29,6.112881738925145e-05,13.997787817740823,32.79945663977042,chosen,NN,NN,0
dry,3004,40,8.431561019207097e-05,13.533840717981032,32.79945663977042,dri,NN,NN,0
eyed,3519,28,5.902092713444967e-05,14.04841389081079,32.79945663977042,eye,NN,NN,0
real,8325,38,8.009982968246742e-05,13.607841299424807,32.79945663977042,real,JJ,JJ,0
lad,5865,36,7.588404917286387e-05,13.685843811426082,32.79945663977042,lad,NN,NN,0
cover,2161,32,6.745248815365677e-05,13.855768812868396,32.79945663977042,cover,NN,NN,0
pleased,7801,30,6.323670764405322e-05,13.948878217259876,32.79945663977042,pleas,JJ,JJ,0
laden,5869,29,6.112881738925145e-05,13.997787817740823,32.79945663977042,laden,NN,NN,0
hid,5083,23,4.84814758604408e-05,14.332206856811382,32.79945663977042,hid,NN,NN,0
pleasant,7798,27,5.69130368796479e-05,14.100881310704926,32.79945663977042,pleasant,NN,NN,0
aid,174,51,0.0001075024029948,13.1833434708969,32.79945663977042,aid,NN,NN,0
isengard,5637,142,0.0002993204161818,11.706021693363711,32.79945663977042,isengard,NN,NN,0
twilight,11231,34,7.166826866326032e-05,13.768305971618055,32.79945663977042,twilight,NN,NN,0
gollum,4505,417,0.0008789902362523,10.151865239423731,32.79945663977042,gollum,NN,NN,0
body,1041,49,0.0001032866224852,13.241058968753189,32.79945663977042,bodi,NN,NN,0
honour,5211,51,0.0001075024029948,13.1833434708969,32.79945663977042,honour,NN,NN,0
labour,5856,31,6.5344597898855e-05,13.90157250248152,32.79945663977042,labour,NN,NN,0
father,3640,68,0.0001433365373265,12.768305971618055,32.79945663977042,father,NN,NN,0
whisper,12067,34,7.166826866326032e-05,13.768305971618055,32.758503015303766,whisper,NN,NN,0
hall,4795,114,0.0002402994890474,12.022878798703651,32.758503015303766,hall,NN,NN,0
grim,4636,39,8.220771993726919e-05,13.570366594006147,32.758503015303766,grim,NN,NN,0
realm,8329,58,0.0001222576347785,12.997787817740823,32.758503015303766,realm,NN,NN,0
sweet,10494,52,0.0001096102932496,13.155329094727303,32.758503015303766,sweet,NN,NN,0
serve,9172,34,7.166826866326032e-05,13.768305971618055,32.758503015303766,serv,NN,NN,0
grief,4626,45,9.485506146607982e-05,13.36391571653872,32.758503015303766,grief,NN,NN,0
stop,10173,48,0.0001011787322304,13.27080631214724,32.758503015303766,stop,NN,NN,0
weather,11954,44,9.274717121127804e-05,13.396337194231098,32.758503015303766,weather,NN,NN,0
elvish,3222,59,0.0001243655250333,12.973125763506554,32.758503015303766,elvish,JJ,JJ,0
certain,1587,33,6.956037840845854e-05,13.811374693509942,32.758503015303766,certain,JJ,JJ,0
drove,2985,35,7.377615891806209e-05,13.726485795923429,32.758503015303766,drove,NN,NN,0
dare,2385,37,7.799193942766564e-05,13.646315447239443,32.758503015303766,dare,NN,NN,0
fight,3748,48,0.0001011787322304,13.27080631214724,32.758503015303766,fight,NN,NN,0
wizard,12210,98,0.0002065732449705,12.241058968753189,32.758503015303766,wizard,NN,NN,0
naught,6947,33,6.956037840845854e-05,13.811374693509942,32.758503015303766,naught,NN,NN,0
chill,1693,45,9.485506146607982e-05,13.36391571653872,32.758503015303766,chill,NN,NN,0
height,5014,41,8.642350044687274e-05,13.498216808250312,32.758503015303766,height,NN,NN,0
aloud,234,42,8.853139070167451e-05,13.463451390089634,32.758503015303766,aloud,NN,NN,0
fading,3549,31,6.5344597898855e-05,13.90157250248152,32.758503015303766,fade,NN,NN,0
difficult,2674,37,7.799193942766564e-05,13.646315447239443,32.758503015303766,difficult,JJ,JJ,0
fortune,4110,35,7.377615891806209e-05,13.726485795923429,32.758503015303766,fortun,NN,NN,0
meant,6526,38,8.009982968246742e-05,13.607841299424807,32.758503015303766,meant,NN,NN,0
wrought,12342,45,9.485506146607982e-05,13.36391571653872,32.758503015303766,wrought,NN,NN,0
pain,7468,52,0.0001096102932496,13.155329094727303,32.758503015303766,pain,NN,NN,0
noon,7083,45,9.485506146607982e-05,13.36391571653872,32.758503015303766,noon,NN,NN,0
remain,8486,40,8.431561019207097e-05,13.533840717981032,32.758503015303766,remain,NN,NN,0
sheer,9271,48,0.0001011787322304,13.27080631214724,32.758503015303766,sheer,NN,NN,0
harsh,4886,28,5.902092713444967e-05,14.04841389081079,32.645364309990256,harsh,NN,NN,0
snow,9717,71,0.0001496602080909,12.706021693363711,32.645364309990256,snow,NN,NN,0
anger,298,27,5.69130368796479e-05,14.100881310704926,32.645364309990256,anger,NN,NN,0
mood,6755,25,5.269725637004435e-05,14.21191262309367,32.645364309990256,mood,NN,NN,0
bearing,722,37,7.799193942766564e-05,13.646315447239443,32.645364309990256,bear,NN,NN,0
sir,9486,73,0.0001538759886005,12.665944253988378,32.645364309990256,sir,NN,NN,0
laughter,5957,29,6.112881738925145e-05,13.997787817740823,32.645364309990256,laughter,NN,NN,0
pit,7750,30,6.323670764405322e-05,13.948878217259876,32.645364309990256,pit,NN,NN,0
bag,590,98,0.0002065732449705,12.241058968753189,32.645364309990256,bag,NN,NN,0
dull,3019,28,5.902092713444967e-05,14.04841389081079,32.645364309990256,dull,NN,NN,0
staff,10007,63,0.0001327970860525,12.878488889368478,32.645364309990256,staff,NN,NN,0
council,2125,53,0.0001117181835044,13.127848358305195,32.645364309990256,council,NN,NN,0
ease,3119,29,6.112881738925145e-05,13.997787817740823,32.645364309990256,eas,NN,NN,0
arrow,449,40,8.431561019207097e-05,13.533840717981032,32.645364309990256,arrow,NN,NN,0
advice,120,34,7.166826866326032e-05,13.768305971618055,32.645364309990256,advic,NN,NN,0
bend,833,25,5.269725637004435e-05,14.21191262309367,32.645364309990256,bend,NN,NN,0
effort,3168,33,6.956037840845854e-05,13.811374693509942,32.645364309990256,effort,NN,NN,0
elendil,3193,56,0.0001180418542688,13.04841389081079,32.645364309990256,elendil,NN,NN,0
entrance,3335,22,4.637358560563903e-05,14.396337194231098,32.645364309990256,entranc,NN,NN,0
cliff,1801,80,0.0001686312203841,12.533840717981032,32.645364309990256,cliff,NN,NN,0
fact,3543,38,8.009982968246742e-05,13.607841299424807,32.645364309990256,fact,NN,NN,0
nightfall,7032,25,5.269725637004435e-05,14.21191262309367,32.645364309990256,nightfal,NN,NN,0
debate,2458,27,5.69130368796479e-05,14.100881310704926,32.645364309990256,debat,NN,NN,0
chamber,1608,61,0.0001285813055429,12.92503147530551,32.645364309990256,chamber,NN,NN,0
chain,1594,33,6.956037840845854e-05,13.811374693509942,32.645364309990256,chain,NN,NN,0
sunset,10393,27,5.69130368796479e-05,14.100881310704926,32.645364309990256,sunset,NN,NN,0
heir,5016,40,8.431561019207097e-05,13.533840717981032,32.645364309990256,heir,NN,NN,0
peregrin,7642,48,0.0001011787322304,13.27080631214724,32.645364309990256,peregrin,NN,NN,0
music,6877,36,7.588404917286387e-05,13.685843811426082,32.645364309990256,music,NN,NN,0
question,8192,26,5.480514662484612e-05,14.155329094727303,32.645364309990256,question,NN,NN,0
beheld,791,23,4.84814758604408e-05,14.332206856811382,32.645364309990256,beheld,NN,NN,0
brow,1289,37,7.799193942766564e-05,13.646315447239443,32.645364309990256,brow,NN,NN,0
behold,793,41,8.642350044687274e-05,13.498216808250312,32.645364309990256,behold,NN,NN,0
dismay,2764,29,6.112881738925145e-05,13.997787817740823,32.645364309990256,dismay,NN,NN,0
woke,12215,40,8.431561019207097e-05,13.533840717981032,32.597671398390354,woke,NN,NN,0
awake,549,51,0.0001075024029948,13.1833434708969,32.597671398390354,awak,NN,NN,0
struck,10288,34,7.166826866326032e-05,13.768305971618055,32.597671398390354,struck,NN,NN,0
spread,9940,36,7.588404917286387e-05,13.685843811426082,32.597671398390354,spread,NN,NN,0
bad,579,53,0.0001117181835044,13.127848358305195,32.597671398390354,bad,JJ,JJ,0
wore,12255,40,8.431561019207097e-05,13.533840717981032,32.597671398390354,wore,NN,NN,0
spare,9829,32,6.745248815365677e-05,13.855768812868396,32.597671398390354,spare,NN,NN,0
willing,12135,38,8.009982968246742e-05,13.607841299424807,32.597671398390354,will,JJ,JJ,0
southern,9809,34,7.166826866326032e-05,13.768305971618055,32.597671398390354,southern,JJ,JJ,0
southward,9819,45,9.485506146607982e-05,13.36391571653872,32.597671398390354,southward,NN,NN,0
sort,9790,43,9.063928095647628e-05,13.429504058166298,32.597671398390354,sort,NN,NN,0
bridge,1231,89,0.0001876022326773,12.380035381901996,32.597671398390354,bridg,NN,NN,0
slope,9606,68,0.0001433365373265,12.768305971618055,32.597671398390354,slope,NN,NN,0
business,1383,63,0.0001327970860525,12.878488889368478,32.597671398390354,busi,NN,NN,0
fought,4116,35,7.377615891806209e-05,13.726485795923429,32.597671398390354,fought,NN,NN,0
forest,4056,157,0.0003309387700038,11.561148063976768,32.597671398390354,forest,NN,NN,0
sunlight,10388,47,9.907084197568336e-05,13.301179961190758,32.597671398390354,sunlight,NN,NN,0
smiled,9649,46,9.69629517208816e-05,13.332206856811382,32.597671398390354,smile,NN,NN,0
proud,8081,54,0.0001138260737592,13.100881310704926,32.597671398390354,proud,NN,NN,0
climb,1803,51,0.0001075024029948,13.1833434708969,32.597671398390354,climb,NN,NN,0
expect,3484,40,8.431561019207097e-05,13.533840717981032,32.597671398390354,expect,VB,VB,0
everything,3430,61,0.0001285813055429,12.92503147530551,32.597671398390354,everyth,NN,NN,0
prepared,7966,36,7.588404917286387e-05,13.685843811426082,32.597671398390354,prepar,JJ,JJ,0
count,2132,39,8.220771993726919e-05,13.570366594006147,32.597671398390354,count,NN,NN,0
driven,2971,42,8.853139070167451e-05,13.463451390089634,32.597671398390354,driven,NN,NN,0
ã,12414,137,0.0002887809649078,11.757736729907869,32.597671398390354,ã,NN,NN,0
cruel,2274,39,8.220771993726919e-05,13.570366594006147,32.597671398390354,cruel,NN,NN,0
die,2668,52,0.0001096102932496,13.155329094727303,32.597671398390354,die,NN,NN,0
leaf,5986,49,0.0001032866224852,13.241058968753189,32.597671398390354,leaf,NN,NN,0
joy,5720,55,0.000115933964014,13.074409099343736,32.597671398390354,joy,NN,NN,0
hurry,5358,35,7.377615891806209e-05,13.726485795923429,32.597671398390354,hurri,NN,NN,0
threw,10789,38,8.009982968246742e-05,13.607841299424807,32.597671398390354,threw,NN,NN,0
rang,8274,40,8.431561019207097e-05,13.533840717981032,32.597671398390354,rang,NN,NN,0
wrath,12303,41,8.642350044687274e-05,13.498216808250312,32.597671398390354,wrath,NN,NN,0
blowing,1010,38,8.009982968246742e-05,13.607841299424807,32.597671398390354,blow,NN,NN,0
isn,5649,57,0.0001201497445237,13.022878798703651,32.597671398390354,isn,NN,NN,1
friendship,4176,32,6.745248815365677e-05,13.855768812868396,32.4191071419225,friendship,NN,NN,0
dol,2851,42,8.853139070167451e-05,13.463451390089634,32.4191071419225,dol,NN,NN,0
please,7800,26,5.480514662484612e-05,14.155329094727303,32.4191071419225,pleas,NN,NN,0
grave,4580,25,5.269725637004435e-05,14.21191262309367,32.4191071419225,grave,NN,NN,0
hood,5217,26,5.480514662484612e-05,14.155329094727303,32.4191071419225,hood,NN,NN,0
unseen,11504,26,5.480514662484612e-05,14.155329094727303,32.4191071419225,unseen,JJ,JJ,0
minute,6661,24,5.0589366115242574e-05,14.27080631214724,32.4191071419225,minut,NN,NN,0
pack,7449,38,8.009982968246742e-05,13.607841299424807,32.4191071419225,pack,NN,NN,0
shrill,9380,24,5.0589366115242574e-05,14.27080631214724,32.4191071419225,shrill,NN,NN,0
axe,561,51,0.0001075024029948,13.1833434708969,32.4191071419225,axe,NN,NN,0
outer,7349,38,8.009982968246742e-05,13.607841299424807,32.4191071419225,outer,NN,NN,0
shot,9350,41,8.642350044687274e-05,13.498216808250312,32.4191071419225,shot,NN,NN,0
halt,4802,31,6.5344597898855e-05,13.90157250248152,32.4191071419225,halt,NN,NN,0
blind,977,26,5.480514662484612e-05,14.155329094727303,32.4191071419225,blind,NN,NN,0
supper,10399,38,8.009982968246742e-05,13.607841299424807,32.4191071419225,supper,NN,NN,0
deed,2488,24,5.0589366115242574e-05,14.27080631214724,32.4191071419225,deed,NN,NN,0
delight,2536,29,6.112881738925145e-05,13.997787817740823,32.4191071419225,delight,NN,NN,0
reason,8339,31,6.5344597898855e-05,13.90157250248152,32.4191071419225,reason,NN,NN,0
sinking,9478,22,4.637358560563903e-05,14.396337194231098,32.4191071419225,sink,NN,NN,0
eaten,3137,27,5.69130368796479e-05,14.100881310704926,32.4191071419225,eaten,VB,VB,0
thrown,10815,23,4.84814758604408e-05,14.332206856811382,32.4191071419225,thrown,NN,NN,0
camp,1445,33,6.956037840845854e-05,13.811374693509942,32.4191071419225,camp,NN,NN,0
mortal,6790,32,6.745248815365677e-05,13.855768812868396,32.4191071419225,mortal,NN,NN,0
vision,11740,29,6.112881738925145e-05,13.997787817740823,32.4191071419225,vision,NN,NN,0
flung,3949,29,6.112881738925145e-05,13.997787817740823,32.4191071419225,flung,NN,NN,0
torment,10969,23,4.84814758604408e-05,14.332206856811382,32.4191071419225,torment,NN,NN,0
seat,9102,49,0.0001032866224852,13.241058968753189,32.4191071419225,seat,NN,NN,0
bite,916,23,4.84814758604408e-05,14.332206856811382,32.4191071419225,bite,NN,NN,0
fellow,3692,37,7.799193942766564e-05,13.646315447239443,32.4191071419225,fellow,NN,NN,0
fate,3637,31,6.5344597898855e-05,13.90157250248152,32.4191071419225,fate,NN,NN,0
glimmer,4436,20,4.215780509603548e-05,14.533840717981032,32.4191071419225,glimmer,NN,NN,0
bread,1190,26,5.480514662484612e-05,14.155329094727303,32.4191071419225,bread,NN,NN,0
number,7138,30,6.323670764405322e-05,13.948878217259876,32.4191071419225,number,NN,NN,0
wear,11943,24,5.0589366115242574e-05,14.27080631214724,32.4191071419225,wear,NN,NN,0
companion,1940,26,5.480514662484612e-05,14.155329094727303,32.4191071419225,companion,NN,NN,0
shadowy,9212,26,5.480514662484612e-05,14.155329094727303,32.4191071419225,shadowi,NN,NN,0
wherever,12038,20,4.215780509603548e-05,14.533840717981032,32.4191071419225,wherev,NN,NN,0
rough,8798,26,5.480514662484612e-05,14.155329094727303,32.4191071419225,rough,NN,NN,0
kill,5774,44,9.274717121127804e-05,13.396337194231098,32.4191071419225,kill,NN,NN,0
account,55,28,5.902092713444967e-05,14.04841389081079,32.4191071419225,account,NN,NN,0
stiff,10128,27,5.69130368796479e-05,14.100881310704926,32.4191071419225,stiff,NN,NN,0
yonder,12386,27,5.69130368796479e-05,14.100881310704926,32.4191071419225,yonder,NN,NN,0
angry,307,27,5.69130368796479e-05,14.100881310704926,32.4191071419225,angri,JJ,JJ,0
stuff,10303,29,6.112881738925145e-05,13.997787817740823,32.4191071419225,stuff,NN,NN,0
arch,394,46,9.69629517208816e-05,13.332206856811382,32.4191071419225,arch,NN,NN,0
lose,6269,29,6.112881738925145e-05,13.997787817740823,32.4191071419225,lose,VB,VB,0
spot,9929,25,5.269725637004435e-05,14.21191262309367,32.4191071419225,spot,NN,NN,0
stayed,10075,26,5.480514662484612e-05,14.155329094727303,32.4191071419225,stay,NN,NN,0
luck,6306,34,7.166826866326032e-05,13.768305971618055,32.4191071419225,luck,NN,NN,0
iron,5629,49,0.0001032866224852,13.241058968753189,32.38133782203198,iron,NN,NN,0
touch,10983,47,9.907084197568336e-05,13.301179961190758,32.38133782203198,touch,NN,NN,0
view,11714,39,8.220771993726919e-05,13.570366594006147,32.38133782203198,view,NN,NN,0
nay,6949,66,0.0001391207568169,12.811374693509942,32.38133782203198,nay,NN,NN,0
keen,5749,44,9.274717121127804e-05,13.396337194231098,32.38133782203198,keen,NN,NN,0
gimli,4395,390,0.0008220771993726,10.248438499118784,32.38133782203198,gimli,NN,NN,0
glance,4417,35,7.377615891806209e-05,13.726485795923429,32.38133782203198,glanc,NN,NN,0
cool,2076,55,0.000115933964014,13.074409099343736,32.38133782203198,cool,NN,NN,0
brief,1237,45,9.485506146607982e-05,13.36391571653872,32.38133782203198,brief,NN,NN,0
captain,1470,78,0.0001644154398745,12.570366594006147,32.38133782203198,captain,NN,NN,0
precious,7954,134,0.0002824572941434,11.789679622410622,32.38133782203198,preciou,JJ,JJ,0
possible,7904,41,8.642350044687274e-05,13.498216808250312,32.38133782203198,possibl,JJ,JJ,0
lady,5874,164,0.0003456940017874,11.498216808250312,32.38133782203198,ladi,NN,NN,0
busy,1386,52,0.0001096102932496,13.155329094727303,32.38133782203198,busi,JJ,JJ,0
hungry,5342,49,0.0001032866224852,13.241058968753189,32.38133782203198,hungri,NN,NN,0
errand,3373,70,0.0001475523178361,12.726485795923429,32.38133782203198,errand,NN,NN,0
borne,1104,40,8.431561019207097e-05,13.533840717981032,32.38133782203198,born,NN,NN,0
table,10548,64,0.0001349049763073,12.855768812868396,32.38133782203198,tabl,NN,NN,0
lot,6276,57,0.0001201497445237,13.022878798703651,32.38133782203198,lot,NN,NN,0
despair,2616,54,0.0001138260737592,13.100881310704926,32.38133782203198,despair,NN,NN,0
destroyed,2631,54,0.0001138260737592,13.100881310704926,32.38133782203198,destroy,NN,NN,0
stair,10018,77,0.0001623075496197,12.588982272173494,32.38133782203198,stair,NN,NN,0
shoulder,9352,55,0.000115933964014,13.074409099343736,32.38133782203198,shoulder,NN,NN,0
meal,6520,43,9.063928095647628e-05,13.429504058166298,32.38133782203198,meal,NN,NN,0
dreadful,2938,60,0.0001264734152881,12.948878217259876,32.38133782203198,dread,NN,NN,0
hide,5085,40,8.431561019207097e-05,13.533840717981032,32.38133782203198,hide,NN,NN,0
mail,6383,55,0.000115933964014,13.074409099343736,32.38133782203198,mail,NN,NN,0
vain,11625,38,8.009982968246742e-05,13.607841299424807,32.38133782203198,vain,NN,NN,0
level,6069,43,9.063928095647628e-05,13.429504058166298,32.38133782203198,level,NN,NN,0
yellow,12367,58,0.0001222576347785,12.997787817740823,32.38133782203198,yellow,NN,NN,0
cross,2252,49,0.0001032866224852,13.241058968753189,32.38133782203198,cross,NN,NN,0
saruman,8957,281,0.0005923171615992,10.72134249264747,32.38133782203198,saruman,NN,NN,0
beast,724,45,9.485506146607982e-05,13.36391571653872,32.38133782203198,beast,NN,NN,0
smile,9648,27,5.69130368796479e-05,14.100881310704926,32.11688356100213,smile,NN,NN,0
fierce,3738,26,5.480514662484612e-05,14.155329094727303,32.11688356100213,fierc,NN,NN,0
rule,8842,34,7.166826866326032e-05,13.768305971618055,32.11688356100213,rule,NN,NN,0
horrible,5258,32,6.745248815365677e-05,13.855768812868396,32.11688356100213,horribl,JJ,JJ,0
thither,10752,29,6.112881738925145e-05,13.997787817740823,32.11688356100213,thither,NN,NN,0
arose,433,22,4.637358560563903e-05,14.396337194231098,32.11688356100213,aros,NN,NN,0
queer,8183,51,0.0001075024029948,13.1833434708969,32.11688356100213,queer,NN,NN,0
louder,6283,22,4.637358560563903e-05,14.396337194231098,32.11688356100213,louder,NN,NN,0
beg,770,22,4.637358560563903e-05,14.396337194231098,32.11688356100213,beg,NN,NN,0
hideous,5086,37,7.799193942766564e-05,13.646315447239443,32.11688356100213,hideou,JJ,JJ,0
rush,8869,22,4.637358560563903e-05,14.396337194231098,32.11688356100213,rush,NN,NN,0
message,6598,33,6.956037840845854e-05,13.811374693509942,32.11688356100213,messag,NN,NN,0
westernesse,12009,19,4.004991484123371e-05,14.607841299424807,32.11688356100213,westerness,NN,NN,0
mistake,6703,24,5.0589366115242574e-05,14.27080631214724,32.11688356100213,mistak,NN,NN,0
history,5141,30,6.323670764405322e-05,13.948878217259876,32.11688356100213,histori,NN,NN,0
ridden,8661,40,8.431561019207097e-05,13.533840717981032,32.11688356100213,ridden,NN,NN,0
fancy,3596,23,4.84814758604408e-05,14.332206856811382,32.11688356100213,fanci,NN,NN,0
glass,4424,39,8.220771993726919e-05,13.570366594006147,32.11688356100213,glass,NN,NN,0
report,8548,22,4.637358560563903e-05,14.396337194231098,32.11688356100213,report,NN,NN,0
spear,9853,32,6.745248815365677e-05,13.855768812868396,32.11688356100213,spear,NN,NN,0
thousand,10770,27,5.69130368796479e-05,14.100881310704926,32.11688356100213,thousand,NN,NN,0
morgul,6778,59,0.0001243655250333,12.973125763506554,32.11688356100213,morgul,NN,NN,0
malice,6397,32,6.745248815365677e-05,13.855768812868396,32.11688356100213,malic,NN,NN,0
smote,9668,23,4.84814758604408e-05,14.332206856811382,32.11688356100213,smote,NN,NN,0
rohirrim,8765,48,0.0001011787322304,13.27080631214724,32.11688356100213,rohirrim,VB,VB,0
due,3015,20,4.215780509603548e-05,14.533840717981032,32.11688356100213,due,JJ,JJ,0
uneasy,11371,22,4.637358560563903e-05,14.396337194231098,32.11688356100213,uneasi,JJ,JJ,0
echo,3145,24,5.0589366115242574e-05,14.27080631214724,32.11688356100213,echo,NN,NN,0
useful,11605,22,4.637358560563903e-05,14.396337194231098,32.11688356100213,use,JJ,JJ,0
pony,7873,63,0.0001327970860525,12.878488889368478,32.11688356100213,poni,NN,NN,0
lake,5884,32,6.745248815365677e-05,13.855768812868396,32.11688356100213,lake,NN,NN,0
draught,2928,26,5.480514662484612e-05,14.155329094727303,32.11688356100213,draught,NN,NN,0
osgiliath,7329,34,7.166826866326032e-05,13.768305971618055,32.11688356100213,osgiliath,NN,NN,0
couldn,2124,25,5.269725637004435e-05,14.21191262309367,32.11688356100213,couldn,NN,NN,1
courage,2147,29,6.112881738925145e-05,13.997787817740823,32.11688356100213,courag,NN,NN,0
anduin,287,68,0.0001433365373265,12.768305971618055,32.11155887321959,anduin,NN,NN,0
march,6434,58,0.0001222576347785,12.997787817740823,32.11155887321959,march,NN,NN,0
roof,8773,60,0.0001264734152881,12.948878217259876,32.11155887321959,roof,NN,NN,0
misty,6711,43,9.063928095647628e-05,13.429504058166298,32.11155887321959,misti,NN,NN,0
sharp,9247,46,9.69629517208816e-05,13.332206856811382,32.11155887321959,sharp,JJ,JJ,0
warm,11856,50,0.00010539451274,13.21191262309367,32.11155887321959,warm,NN,NN,0
somehow,9760,47,9.907084197568336e-05,13.301179961190758,32.11155887321959,somehow,NN,NN,0
terrible,10668,53,0.0001117181835044,13.127848358305195,32.11155887321959,terribl,JJ,JJ,0
start,10057,43,9.063928095647628e-05,13.429504058166298,32.11155887321959,start,NN,NN,0
mile,6633,48,0.0001011787322304,13.27080631214724,32.11155887321959,mile,NN,NN,0
pace,7445,41,8.642350044687274e-05,13.498216808250312,32.11155887321959,pace,NN,NN,0
love,6288,79,0.0001665233301293,12.551988064691292,32.11155887321959,love,NN,NN,0
d,2343,131,0.000276133623379,11.822345811330946,32.11155887321959,d,NN,NN,1
hearing,4969,38,8.009982968246742e-05,13.607841299424807,32.11155887321959,hear,NN,NN,0
able,31,40,8.431561019207097e-05,13.533840717981032,32.11155887321959,abl,JJ,JJ,0
rider,8667,90,0.0001897101229321,12.36391571653872,32.11155887321959,rider,NN,NN,0
beat,727,32,6.745248815365677e-05,13.855768812868396,32.11155887321959,beat,NN,NN,0
nine,7046,78,0.0001644154398745,12.570366594006147,32.11155887321959,nine,NN,NN,0
flat,3875,56,0.0001180418542688,13.04841389081079,32.11155887321959,flat,JJ,JJ,0
alas,197,75,0.0001580917691101,12.626950122372516,32.11155887321959,ala,NN,NN,0
send,9147,66,0.0001391207568169,12.811374693509942,32.11155887321959,send,NN,NN,0
tomorrow,10937,50,0.00010539451274,13.21191262309367,32.11155887321959,tomorrow,NN,NN,0
main,6385,40,8.431561019207097e-05,13.533840717981032,32.11155887321959,main,JJ,JJ,0
choose,1713,57,0.0001201497445237,13.022878798703651,32.11155887321959,choos,NN,NN,0
sad,8902,46,9.69629517208816e-05,13.332206856811382,32.11155887321959,sad,NN,NN,0
ruin,8836,53,0.0001117181835044,13.127848358305195,32.11155887321959,ruin,NN,NN,0
case,1523,45,9.485506146607982e-05,13.36391571653872,32.11155887321959,case,NN,NN,0
today,10918,44,9.274717121127804e-05,13.396337194231098,32.11155887321959,today,NN,NN,0
comfort,1912,42,8.853139070167451e-05,13.463451390089634,31.79024414251979,comfort,NN,NN,0
mine,6650,58,0.0001222576347785,12.997787817740823,31.79024414251979,mine,NN,NN,0
sooner,9773,46,9.69629517208816e-05,13.332206856811382,31.79024414251979,sooner,NN,NN,0
field,3736,75,0.0001580917691101,12.626950122372516,31.79024414251979,field,NN,NN,0
sang,8949,43,9.063928095647628e-05,13.429504058166298,31.79024414251979,sang,NN,NN,0
sank,8950,41,8.642350044687274e-05,13.498216808250312,31.79024414251979,sank,NN,NN,0
belt,826,39,8.220771993726919e-05,13.570366594006147,31.79024414251979,belt,NN,NN,0
begin,776,47,9.907084197568336e-05,13.301179961190758,31.79024414251979,begin,NN,NN,0
passage,7532,70,0.0001475523178361,12.726485795923429,31.79024414251979,passag,NN,NN,0
fashion,3625,38,8.009982968246742e-05,13.607841299424807,31.79024414251979,fashion,NN,NN,0
lead,5978,75,0.0001580917691101,12.626950122372516,31.79024414251979,lead,NN,NN,0
space,9821,40,8.431561019207097e-05,13.533840717981032,31.79024414251979,space,NN,NN,0
star,10043,60,0.0001264734152881,12.948878217259876,31.79024414251979,star,NN,NN,0
bottom,1121,52,0.0001096102932496,13.155329094727303,31.79024414251979,bottom,NN,NN,0
creature,2214,61,0.0001285813055429,12.92503147530551,31.79024414251979,creatur,NN,NN,0
step,10111,63,0.0001327970860525,12.878488889368478,31.79024414251979,step,NN,NN,0
horn,5248,95,0.0002002495742061,12.285913204537447,31.79024414251979,horn,NN,NN,0
huge,5316,68,0.0001433365373265,12.768305971618055,31.79024414251979,huge,JJ,JJ,0
counsel,2127,80,0.0001686312203841,12.533840717981032,31.79024414251979,counsel,NN,NN,0
eastern,3129,64,0.0001349049763073,12.855768812868396,31.79024414251979,eastern,JJ,JJ,0
corner,2092,56,0.0001180418542688,13.04841389081079,31.79024414251979,corner,NN,NN,0
ah,171,63,0.0001327970860525,12.878488889368478,31.79024414251979,ah,NN,NN,0
age,151,53,0.0001117181835044,13.127848358305195,31.79024414251979,age,NN,NN,0
tirith,10904,114,0.0002402994890474,12.022878798703651,31.79024414251979,tirith,NN,NN,0
shield,9288,33,6.956037840845854e-05,13.811374693509942,31.734468975321107,shield,NN,NN,0
closer,1827,22,4.637358560563903e-05,14.396337194231098,31.734468975321107,closer,NN,NN,0
scent,9013,24,5.0589366115242574e-05,14.27080631214724,31.734468975321107,scent,NN,NN,0
quicker,8204,26,5.480514662484612e-05,14.155329094727303,31.734468975321107,quicker,NN,NN,0
upper,11571,23,4.84814758604408e-05,14.332206856811382,31.734468975321107,upper,JJ,JJ,0
rim,8686,27,5.69130368796479e-05,14.100881310704926,31.734468975321107,rim,NN,NN,0
direction,2712,31,6.5344597898855e-05,13.90157250248152,31.734468975321107,direct,NN,NN,0
swung,10535,26,5.480514662484612e-05,14.155329094727303,31.734468975321107,swung,NN,NN,0
shine,9302,18,3.7942024586431934e-05,14.685843811426082,31.734468975321107,shine,NN,NN,0
offer,7222,20,4.215780509603548e-05,14.533840717981032,31.734468975321107,offer,NN,NN,0
faramir,3609,296,0.0006239355154213,10.646315447239443,31.734468975321107,faramir,NN,NN,0
denethor,2559,142,0.0002993204161818,11.706021693363711,31.734468975321107,denethor,NN,NN,0
ridge,8671,40,8.431561019207097e-05,13.533840717981032,31.734468975321107,ridg,NN,NN,0
bid,886,32,6.745248815365677e-05,13.855768812868396,31.734468975321107,bid,NN,NN,0
steeply,10100,23,4.84814758604408e-05,14.332206856811382,31.734468975321107,steepli,NN,NN,0
plan,7773,30,6.323670764405322e-05,13.948878217259876,31.734468975321107,plan,NN,NN,0
thirty,10748,23,4.84814758604408e-05,14.332206856811382,31.734468975321107,thirti,NN,NN,0
weapon,11939,24,5.0589366115242574e-05,14.27080631214724,31.734468975321107,weapon,NN,NN,0
useless,11607,17,3.583413433163016e-05,14.768305971618055,31.734468975321107,useless,NN,NN,0
notice,7117,24,5.0589366115242574e-05,14.27080631214724,31.734468975321107,notic,NN,NN,0
common,1934,22,4.637358560563903e-05,14.396337194231098,31.734468975321107,common,NN,NN,0
knowledge,5843,29,6.112881738925145e-05,13.997787817740823,31.734468975321107,knowledg,NN,NN,0
bold,1053,20,4.215780509603548e-05,14.533840717981032,31.734468975321107,bold,NN,NN,0
token,10927,25,5.269725637004435e-05,14.21191262309367,31.734468975321107,token,NN,NN,0
slender,9577,26,5.480514662484612e-05,14.155329094727303,31.734468975321107,slender,NN,NN,0
shan,9230,24,5.0589366115242574e-05,14.27080631214724,31.734468975321107,shan,NN,NN,1
stir,10144,19,4.004991484123371e-05,14.607841299424807,31.734468975321107,stir,NN,NN,0
gift,4386,37,7.799193942766564e-05,13.646315447239443,31.734468975321107,gift,NN,NN,0
laugh,5953,27,5.69130368796479e-05,14.100881310704926,31.734468975321107,laugh,NN,NN,0
glow,4467,24,5.0589366115242574e-05,14.27080631214724,31.734468975321107,glow,NN,NN,0
fail,3553,30,6.323670764405322e-05,13.948878217259876,31.734468975321107,fail,NN,NN,0
delay,2529,24,5.0589366115242574e-05,14.27080631214724,31.734468975321107,delay,NN,NN,0
spite,9899,19,4.004991484123371e-05,14.607841299424807,31.734468975321107,spite,NN,NN,0
hilt,5108,32,6.745248815365677e-05,13.855768812868396,31.734468975321107,hilt,NN,NN,0
manner,6415,25,5.269725637004435e-05,14.21191262309367,31.734468975321107,manner,NN,NN,0
summer,10367,35,7.377615891806209e-05,13.726485795923429,31.734468975321107,summer,NN,NN,0
hiss,5134,23,4.84814758604408e-05,14.332206856811382,31.734468975321107,hiss,NN,NN,0
spell,9870,31,6.5344597898855e-05,13.90157250248152,31.734468975321107,spell,NN,NN,0
bound,1127,45,9.485506146607982e-05,13.36391571653872,31.419171443350702,bound,NN,NN,0
weariness,11948,48,0.0001011787322304,13.27080631214724,31.419171443350702,weari,NN,NN,0
blow,1009,48,0.0001011787322304,13.27080631214724,31.419171443350702,blow,NN,NN,0
several,9193,67,0.0001412286470717,12.789679622410622,31.419171443350702,sever,JJ,JJ,0
gleam,4426,46,9.69629517208816e-05,13.332206856811382,31.419171443350702,gleam,NN,NN,0
learn,6004,69,0.0001454444275813,12.747244356090226,31.419171443350702,learn,NN,NN,0
chief,1683,83,0.0001749548911485,12.48072938152147,31.419171443350702,chief,NN,NN,0
dusk,3045,48,0.0001011787322304,13.27080631214724,31.419171443350702,dusk,NN,NN,0
troubled,11131,56,0.0001180418542688,13.04841389081079,31.419171443350702,troubl,JJ,JJ,0
thick,10717,62,0.0001306891957977,12.90157250248152,31.419171443350702,thick,NN,NN,0
wound,12289,68,0.0001433365373265,12.768305971618055,31.419171443350702,wound,NN,NN,0
didn,2666,61,0.0001285813055429,12.92503147530551,31.419171443350702,didn,NN,NN,1
listen,6164,48,0.0001011787322304,13.27080631214724,31.419171443350702,listen,NN,NN,0
eat,3136,64,0.0001349049763073,12.855768812868396,31.419171443350702,eat,NN,NN,0
third,10741,59,0.0001243655250333,12.973125763506554,31.419171443350702,third,JJ,JJ,0
read,8321,59,0.0001243655250333,12.973125763506554,31.419171443350702,read,NN,NN,0
alive,211,53,0.0001117181835044,13.127848358305195,31.419171443350702,aliv,JJ,JJ,0
strode,10273,29,6.112881738925145e-05,13.997787817740823,31.26714096619,strode,NN,NN,0
watchful,11890,19,4.004991484123371e-05,14.607841299424807,31.26714096619,watch,NN,NN,0
cloven,1845,24,5.0589366115242574e-05,14.27080631214724,31.26714096619,cloven,NN,NN,0
knelt,5818,26,5.480514662484612e-05,14.155329094727303,31.26714096619,knelt,NN,NN,0
household,5290,22,4.637358560563903e-05,14.396337194231098,31.26714096619,household,NN,NN,0
craft,2185,21,4.426569535083726e-05,14.463451390089634,31.26714096619,craft,NN,NN,0
cleft,1791,24,5.0589366115242574e-05,14.27080631214724,31.26714096619,cleft,NN,NN,0
whither,12084,23,4.84814758604408e-05,14.332206856811382,31.26714096619,whither,NN,NN,0
worth,12282,26,5.480514662484612e-05,14.155329094727303,31.26714096619,worth,NN,NN,0
ship,9309,37,7.799193942766564e-05,13.646315447239443,31.26714096619,ship,NN,NN,0
hate,4908,25,5.269725637004435e-05,14.21191262309367,31.26714096619,hate,NN,NN,0
throw,10813,23,4.84814758604408e-05,14.332206856811382,31.26714096619,throw,NN,NN,0
gaffer,4260,52,0.0001096102932496,13.155329094727303,31.26714096619,gaffer,NN,NN,0
drive,2970,20,4.215780509603548e-05,14.533840717981032,31.26714096619,drive,NN,NN,0
someone,9761,28,5.902092713444967e-05,14.04841389081079,31.26714096619,someon,NN,NN,0
anxious,340,25,5.269725637004435e-05,14.21191262309367,31.26714096619,anxiou,JJ,JJ,0
sorrow,9783,27,5.69130368796479e-05,14.100881310704926,31.26714096619,sorrow,NN,NN,0
drank,2925,26,5.480514662484612e-05,14.155329094727303,31.26714096619,drank,NN,NN,0
risk,8712,18,3.7942024586431934e-05,14.685843811426082,31.26714096619,risk,NN,NN,0
risen,8709,17,3.583413433163016e-05,14.768305971618055,31.26714096619,risen,NN,NN,0
smell,9641,31,6.5344597898855e-05,13.90157250248152,31.26714096619,smell,NN,NN,0
visible,11738,18,3.7942024586431934e-05,14.685843811426082,31.26714096619,visibl,JJ,JJ,0
judge,5725,19,4.004991484123371e-05,14.607841299424807,31.26714096619,judg,NN,NN,0
quest,8191,29,6.112881738925145e-05,13.997787817740823,31.26714096619,quest,NN,NN,0
curse,2320,27,5.69130368796479e-05,14.100881310704926,31.26714096619,curs,NN,NN,0
appear,362,18,3.7942024586431934e-05,14.685843811426082,31.26714096619,appear,VB,VB,0
meriadoc,6588,27,5.69130368796479e-05,14.100881310704926,31.26714096619,meriadoc,NN,NN,0
sought,9794,27,5.69130368796479e-05,14.100881310704926,31.26714096619,sought,NN,NN,0
doesn,2842,29,6.112881738925145e-05,13.997787817740823,31.26714096619,doesn,NN,NN,1
threshold,10788,20,4.215780509603548e-05,14.533840717981032,31.26714096619,threshold,NN,NN,0
théoden,10841,204,0.0004300096119795,11.1833434708969,31.26714096619,théoden,NN,NN,0
chose,1720,21,4.426569535083726e-05,14.463451390089634,31.26714096619,chose,NN,NN,0
fro,4186,21,4.426569535083726e-05,14.463451390089634,31.26714096619,fro,NN,NN,0
piece,7701,20,4.215780509603548e-05,14.533840717981032,31.26714096619,piec,NN,NN,0
throat,10794,34,7.166826866326032e-05,13.768305971618055,31.26714096619,throat,NN,NN,0
daylight,2427,24,5.0589366115242574e-05,14.27080631214724,31.26714096619,daylight,NN,NN,0
sunrise,10391,17,3.583413433163016e-05,14.768305971618055,31.26714096619,sunris,NN,NN,0
match,6491,20,4.215780509603548e-05,14.533840717981032,31.26714096619,match,NN,NN,0
shadowfax,9207,70,0.0001475523178361,12.726485795923429,31.26714096619,shadowfax,NN,NN,0
hedge,5000,44,9.274717121127804e-05,13.396337194231098,31.26714096619,hedg,NN,NN,0
ear,3101,22,4.637358560563903e-05,14.396337194231098,31.26714096619,ear,NN,NN,0
dale,2358,39,8.220771993726919e-05,13.570366594006147,31.26714096619,dale,NN,NN,0
dust,3048,22,4.637358560563903e-05,14.396337194231098,31.26714096619,dust,NN,NN,0
brave,1182,18,3.7942024586431934e-05,14.685843811426082,31.26714096619,brave,NN,NN,0
beating,730,19,4.004991484123371e-05,14.607841299424807,31.26714096619,beat,NN,NN,0
éomer,12418,204,0.0004300096119795,11.1833434708969,31.26714096619,éomer,NN,NN,0
lain,5880,22,4.637358560563903e-05,14.396337194231098,31.26714096619,lain,NN,NN,0
stuck,10296,21,4.426569535083726e-05,14.463451390089634,31.26714096619,stuck,NN,NN,0
barad,633,28,5.902092713444967e-05,14.04841389081079,31.26714096619,barad,NN,NN,0
threat,10779,18,3.7942024586431934e-05,14.685843811426082,31.26714096619,threat,NN,NN,0
madness,6366,28,5.902092713444967e-05,14.04841389081079,31.26714096619,mad,NN,NN,0
darker,2395,22,4.637358560563903e-05,14.396337194231098,31.26714096619,darker,NN,NN,0
beard,717,22,4.637358560563903e-05,14.396337194231098,31.26714096619,beard,NN,NN,0
attempt,511,18,3.7942024586431934e-05,14.685843811426082,31.26714096619,attempt,NN,NN,0
defence,2507,31,6.5344597898855e-05,13.90157250248152,31.26714096619,defenc,NN,NN,0
elrond,3211,180,0.0003794202458643,11.36391571653872,31.0,elrond,NN,NN,0
burning,1359,61,0.0001285813055429,12.92503147530551,31.0,burn,NN,NN,0
circle,1727,52,0.0001096102932496,13.155329094727303,31.0,circl,NN,NN,0
blade,935,62,0.0001306891957977,12.90157250248152,31.0,blade,NN,NN,0
mark,6448,122,0.0002571626110858,11.92503147530551,31.0,mark,NN,NN,0
grown,4686,52,0.0001096102932496,13.155329094727303,31.0,grown,NN,NN,0
big,895,80,0.0001686312203841,12.533840717981032,31.0,big,JJ,JJ,0
stony,10165,63,0.0001327970860525,12.878488889368478,31.0,stoni,NN,NN,0
vast,11666,62,0.0001306891957977,12.90157250248152,31.0,vast,NN,NN,0
wrong,12337,45,9.485506146607982e-05,13.36391571653872,31.0,wrong,JJ,JJ,0
rate,8298,64,0.0001349049763073,12.855768812868396,31.0,rate,NN,NN,0
single,9472,42,8.853139070167451e-05,13.463451390089634,31.0,singl,JJ,JJ,0
built,1331,52,0.0001096102932496,13.155329094727303,31.0,built,NN,NN,0
room,8777,85,0.0001791706716581,12.446377876730692,31.0,room,NN,NN,0
haven,4925,49,0.0001032866224852,13.241058968753189,31.0,haven,NN,NN,1
burden,1349,61,0.0001285813055429,12.92503147530551,31.0,burden,NN,NN,0
thrust,10817,58,0.0001222576347785,12.997787817740823,31.0,thrust,NN,NN,0
show,9363,49,0.0001032866224852,13.241058968753189,31.0,show,NN,NN,0
seldom,9139,70,0.0001475523178361,12.726485795923429,31.0,seldom,NN,NN,0
neck,6964,59,0.0001243655250333,12.973125763506554,31.0,neck,NN,NN,0
asleep,473,67,0.0001412286470717,12.789679622410622,31.0,asleep,NN,NN,0
bitter,922,59,0.0001243655250333,12.973125763506554,31.0,bitter,NN,NN,0
truth,11167,54,0.0001138260737592,13.100881310704926,31.0,truth,NN,NN,0
cave,1553,27,5.69130368796479e-05,14.100881310704926,30.70958572167535,cave,NN,NN,0
assault,479,33,6.956037840845854e-05,13.811374693509942,30.70958572167535,assault,NN,NN,0
nameless,6919,19,4.004991484123371e-05,14.607841299424807,30.70958572167535,nameless,NN,NN,0
surprised,10437,23,4.84814758604408e-05,14.332206856811382,30.70958572167535,surpris,JJ,JJ,0
careful,1490,25,5.269725637004435e-05,14.21191262309367,30.70958572167535,care,NN,NN,0
gloomy,4461,15,3.161835382202661e-05,14.948878217259876,30.70958572167535,gloomi,NN,NN,0
hoofs,5223,30,6.323670764405322e-05,13.948878217259876,30.70958572167535,hoof,NN,NN,0
glint,4442,20,4.215780509603548e-05,14.533840717981032,30.70958572167535,glint,NN,NN,0
ranger,8276,20,4.215780509603548e-05,14.533840717981032,30.70958572167535,ranger,NN,NN,0
isildur,5643,75,0.0001580917691101,12.626950122372516,30.70958572167535,isildur,NN,NN,0
tide,10848,19,4.004991484123371e-05,14.607841299424807,30.70958572167535,tide,NN,NN,0
wasn,11881,29,6.112881738925145e-05,13.997787817740823,30.70958572167535,wasn,NN,NN,1
grievous,4634,18,3.7942024586431934e-05,14.685843811426082,30.70958572167535,grievou,JJ,JJ,0
mischief,6678,22,4.637358560563903e-05,14.396337194231098,30.70958572167535,mischief,NN,NN,0
jagged,5669,16,3.3726244076828385e-05,14.855768812868396,30.70958572167535,jag,NN,NN,0
gather,4333,19,4.004991484123371e-05,14.607841299424807,30.70958572167535,gather,NN,NN,0
miserable,6681,20,4.215780509603548e-05,14.533840717981032,30.70958572167535,miser,JJ,JJ,0
warn,11863,20,4.215780509603548e-05,14.533840717981032,30.70958572167535,warn,NN,NN,0
miss,6696,19,4.004991484123371e-05,14.607841299424807,30.70958572167535,miss,NN,NN,0
gaze,4344,18,3.7942024586431934e-05,14.685843811426082,30.70958572167535,gaze,NN,NN,0
mount,6812,23,4.84814758604408e-05,14.332206856811382,30.70958572167535,mount,NN,NN,0
lesser,6058,19,4.004991484123371e-05,14.607841299424807,30.70958572167535,lesser,NN,NN,0
ithilien,5662,38,8.009982968246742e-05,13.607841299424807,30.70958572167535,ithilien,NN,NN,0
rich,8653,22,4.637358560563903e-05,14.396337194231098,30.70958572167535,rich,JJ,JJ,0
join,5698,20,4.215780509603548e-05,14.533840717981032,30.70958572167535,join,NN,NN,0
party,7529,43,9.063928095647628e-05,13.429504058166298,30.70958572167535,parti,NN,NN,0
barrow,670,38,8.009982968246742e-05,13.607841299424807,30.70958572167535,barrow,NN,NN,0
wander,11822,20,4.215780509603548e-05,14.533840717981032,30.70958572167535,wander,NN,NN,0
book,1081,33,6.956037840845854e-05,13.811374693509942,30.70958572167535,book,NN,NN,0
island,5644,19,4.004991484123371e-05,14.607841299424807,30.70958572167535,island,NN,NN,0
muil,6855,34,7.166826866326032e-05,13.768305971618055,30.70958572167535,muil,NN,NN,0
orthanc,7328,78,0.0001644154398745,12.570366594006147,30.70958572167535,orthanc,NN,NN,0
breathing,1204,21,4.426569535083726e-05,14.463451390089634,30.70958572167535,breath,NN,NN,0
lãrien,6348,62,0.0001306891957977,12.90157250248152,30.70958572167535,lãrien,NN,NN,0
stick,10123,24,5.0589366115242574e-05,14.27080631214724,30.70958572167535,stick,NN,NN,0
countless,2139,17,3.583413433163016e-05,14.768305971618055,30.70958572167535,countless,NN,NN,0
valour,11638,22,4.637358560563903e-05,14.396337194231098,30.70958572167535,valour,NN,NN,0
claim,1748,26,5.480514662484612e-05,14.155329094727303,30.70958572167535,claim,NN,NN,0
elder,3187,22,4.637358560563903e-05,14.396337194231098,30.70958572167535,elder,NN,NN,0
coat,1869,22,4.637358560563903e-05,14.396337194231098,30.70958572167535,coat,NN,NN,0
trap,11040,23,4.84814758604408e-05,14.332206856811382,30.70958572167535,trap,NN,NN,0
haze,4938,17,3.583413433163016e-05,14.768305971618055,30.70958572167535,haze,NN,NN,0
shade,9201,19,4.004991484123371e-05,14.607841299424807,30.70958572167535,shade,NN,NN,0
destroy,2630,22,4.637358560563903e-05,14.396337194231098,30.70958572167535,destroy,NN,NN,0
servant,9170,23,4.84814758604408e-05,14.332206856811382,30.70958572167535,servant,NN,NN,0
attention,516,18,3.7942024586431934e-05,14.685843811426082,30.70958572167535,attent,NN,NN,0
hullo,5323,20,4.215780509603548e-05,14.533840717981032,30.70958572167535,hullo,NN,NN,0
pocket,7839,27,5.69130368796479e-05,14.100881310704926,30.70958572167535,pocket,NN,NN,0
emyn,3247,37,7.799193942766564e-05,13.646315447239443,30.70958572167535,emyn,NN,NN,0
child,1688,15,3.161835382202661e-05,14.948878217259876,30.70958572167535,child,NN,NN,0
tunnel,11193,51,0.0001075024029948,13.1833434708969,30.70958572167535,tunnel,NN,NN,0
string,10262,16,3.3726244076828385e-05,14.855768812868396,30.70958572167535,string,NN,NN,0
wonderful,12229,21,4.426569535083726e-05,14.463451390089634,30.70958572167535,wonder,NN,NN,0
attack,507,20,4.215780509603548e-05,14.533840717981032,30.70958572167535,attack,NN,NN,0
beaten,728,18,3.7942024586431934e-05,14.685843811426082,30.70958572167535,beaten,NN,NN,0
blackness,932,20,4.215780509603548e-05,14.533840717981032,30.70958572167535,black,NN,NN,0
sullen,10364,18,3.7942024586431934e-05,14.685843811426082,30.70958572167535,sullen,NN,NN,0
treasure,11058,24,5.0589366115242574e-05,14.27080631214724,30.70958572167535,treasur,NN,NN,0
loose,6247,28,5.902092713444967e-05,14.04841389081079,30.70958572167535,loos,JJ,JJ,0
finish,3792,18,3.7942024586431934e-05,14.685843811426082,30.70958572167535,finish,NN,NN,0
taller,10570,18,3.7942024586431934e-05,14.685843811426082,30.70958572167535,taller,NN,NN,0
fill,3761,22,4.637358560563903e-05,14.396337194231098,30.70958572167535,fill,NN,NN,0
file,3757,18,3.7942024586431934e-05,14.685843811426082,30.70958572167535,file,NN,NN,0
wilderness,12123,20,4.215780509603548e-05,14.533840717981032,30.70958572167535,wilder,NN,NN,0
leather,6011,19,4.004991484123371e-05,14.607841299424807,30.70958572167535,leather,NN,NN,0
likely,6114,54,0.0001138260737592,13.100881310704926,30.534281932380008,like,JJ,JJ,0
shook,9333,44,9.274717121127804e-05,13.396337194231098,30.534281932380008,shook,NN,NN,0
northern,7093,58,0.0001222576347785,12.997787817740823,30.534281932380008,northern,JJ,JJ,0
hurt,5360,64,0.0001349049763073,12.855768812868396,30.534281932380008,hurt,NN,NN,0
brown,1290,62,0.0001306891957977,12.90157250248152,30.534281932380008,brown,NN,NN,0
tonight,10945,65,0.0001370128665621,12.833400999839942,30.534281932380008,tonight,NN,NN,0
wise,12175,97,0.0002044653547157,12.255855970681267,30.534281932380008,wise,NN,NN,0
horse,5262,160,0.0003372624407682,11.533840717981032,30.534281932380008,hors,NN,NN,0
flame,3856,60,0.0001264734152881,12.948878217259876,30.534281932380008,flame,NN,NN,0
line,6143,109,0.0002297600377733,12.08758448809147,30.534281932380008,line,NN,NN,0
dear,2449,73,0.0001538759886005,12.665944253988378,30.534281932380008,dear,NN,NN,0
discover,2737,18,3.7942024586431934e-05,14.685843811426082,30.0557794366098,discov,NN,NN,0
comfortable,1913,19,4.004991484123371e-05,14.607841299424807,30.0557794366098,comfort,JJ,JJ,0
skin,9514,19,4.004991484123371e-05,14.607841299424807,30.0557794366098,skin,NN,NN,0
shallow,9223,24,5.0589366115242574e-05,14.27080631214724,30.0557794366098,shallow,NN,NN,0
unable,11268,18,3.7942024586431934e-05,14.685843811426082,30.0557794366098,unabl,JJ,JJ,0
reward,8642,21,4.426569535083726e-05,14.463451390089634,30.0557794366098,reward,NN,NN,0
breeze,1218,20,4.215780509603548e-05,14.533840717981032,30.0557794366098,breez,NN,NN,0
autumn,528,27,5.69130368796479e-05,14.100881310704926,30.0557794366098,autumn,NN,NN,0
ravine,8310,19,4.004991484123371e-05,14.607841299424807,30.0557794366098,ravin,NN,NN,0
spy,9965,19,4.004991484123371e-05,14.607841299424807,30.0557794366098,spi,NN,NN,0
stranger,10217,21,4.426569535083726e-05,14.463451390089634,30.0557794366098,stranger,NN,NN,0
echoed,3146,18,3.7942024586431934e-05,14.685843811426082,30.0557794366098,echo,NN,NN,0
overhead,7400,16,3.3726244076828385e-05,14.855768812868396,30.0557794366098,overhead,NN,NN,0
stout,10193,28,5.902092713444967e-05,14.04841389081079,30.0557794366098,stout,NN,NN,0
couple,2146,18,3.7942024586431934e-05,14.685843811426082,30.0557794366098,coupl,NN,NN,0
ominous,7254,20,4.215780509603548e-05,14.533840717981032,30.0557794366098,omin,JJ,JJ,0
thence,10702,17,3.583413433163016e-05,14.768305971618055,30.0557794366098,thenc,NN,NN,0
ash,463,21,4.426569535083726e-05,14.463451390089634,30.0557794366098,ash,NN,NN,0
grimly,4641,17,3.583413433163016e-05,14.768305971618055,30.0557794366098,grimli,NN,NN,0
kin,5779,20,4.215780509603548e-05,14.533840717981032,30.0557794366098,kin,NN,NN,0
slip,9595,18,3.7942024586431934e-05,14.685843811426082,30.0557794366098,slip,NN,NN,0
feast,3666,30,6.323670764405322e-05,13.948878217259876,30.0557794366098,feast,NN,NN,0
sheath,9262,16,3.3726244076828385e-05,14.855768812868396,30.0557794366098,sheath,NN,NN,0
track,11007,21,4.426569535083726e-05,14.463451390089634,30.0557794366098,track,NN,NN,0
fiery,3742,16,3.3726244076828385e-05,14.855768812868396,30.0557794366098,fieri,NN,NN,0
sadly,8908,20,4.215780509603548e-05,14.533840717981032,30.0557794366098,sadli,NN,NN,0
murmur,6871,17,3.583413433163016e-05,14.768305971618055,30.0557794366098,murmur,NN,NN,0
bye,1404,28,5.902092713444967e-05,14.04841389081079,30.0557794366098,bye,NN,NN,0
refuge,8426,19,4.004991484123371e-05,14.607841299424807,30.0557794366098,refug,NN,NN,0
forgive,4077,19,4.004991484123371e-05,14.607841299424807,30.0557794366098,forgiv,JJ,JJ,0
idle,5391,18,3.7942024586431934e-05,14.685843811426082,30.0557794366098,idl,JJ,JJ,0
pursuit,8145,25,5.269725637004435e-05,14.21191262309367,30.0557794366098,pursuit,NN,NN,0
mithril,6718,21,4.426569535083726e-05,14.463451390089634,30.0557794366098,mithril,NN,NN,0
torn,10972,18,3.7942024586431934e-05,14.685843811426082,30.0557794366098,torn,NN,NN,0
centre,1582,15,3.161835382202661e-05,14.948878217259876,30.0557794366098,centr,NN,NN,0
league,5990,18,3.7942024586431934e-05,14.685843811426082,30.0557794366098,leagu,NN,NN,0
idea,5386,18,3.7942024586431934e-05,14.685843811426082,30.0557794366098,idea,NN,NN,0
final,3771,21,4.426569535083726e-05,14.463451390089634,30.0557794366098,final,JJ,JJ,0
hunt,5343,21,4.426569535083726e-05,14.463451390089634,30.0557794366098,hunt,NN,NN,0
drop,2981,21,4.426569535083726e-05,14.463451390089634,30.0557794366098,drop,NN,NN,0
menace,6567,22,4.637358560563903e-05,14.396337194231098,30.0557794366098,menac,NN,NN,0
stage,10008,19,4.004991484123371e-05,14.607841299424807,30.0557794366098,stage,NN,NN,0
happen,4839,19,4.004991484123371e-05,14.607841299424807,30.0557794366098,happen,VB,VB,0
promise,8046,27,5.69130368796479e-05,14.100881310704926,30.0557794366098,promis,NN,NN,0
happening,4841,19,4.004991484123371e-05,14.607841299424807,30.0557794366098,happen,NN,NN,0
play,7788,17,3.583413433163016e-05,14.768305971618055,30.0557794366098,play,NN,NN,0
blown,1011,17,3.583413433163016e-05,14.768305971618055,30.0557794366098,blown,NN,NN,0
present,7970,75,0.0001580917691101,12.626950122372516,30.02347230393792,present,NN,NN,0
rock,8752,126,0.000265594172105,11.878488889368478,30.02347230393792,rock,NN,NN,0
steep,10097,63,0.0001327970860525,12.878488889368478,30.02347230393792,steep,NN,NN,0
slept,9578,60,0.0001264734152881,12.948878217259876,30.02347230393792,slept,NN,NN,0
reach,8317,63,0.0001327970860525,12.878488889368478,30.02347230393792,reach,NN,NN,0
bed,745,89,0.0001876022326773,12.380035381901996,30.02347230393792,bed,NN,NN,0
figure,3753,51,0.0001075024029948,13.1833434708969,30.02347230393792,figur,NN,NN,0
hot,5279,58,0.0001222576347785,12.997787817740823,30.02347230393792,hot,JJ,JJ,0
sauron,8966,140,0.0002951046356722,11.726485795923429,30.02347230393792,sauron,NN,NN,0
blood,996,51,0.0001075024029948,13.1833434708969,30.02347230393792,blood,NN,NN,0
believe,805,66,0.0001391207568169,12.811374693509942,30.02347230393792,believ,VB,VB,0
dwarf,3053,113,0.0002381915987926,12.035589850453208,30.02347230393792,dwarf,NN,NN,0
dawn,2422,74,0.0001559838788553,12.646315447239443,30.02347230393792,dawn,NN,NN,0
rain,8251,77,0.0001623075496197,12.588982272173494,30.02347230393792,rain,NN,NN,0
lit,6172,60,0.0001264734152881,12.948878217259876,29.468937950642218,lit,NN,NN,0
bank,625,106,0.0002234363670089,12.127848358305195,29.468937950642218,bank,NN,NN,0
distant,2802,58,0.0001222576347785,12.997787817740823,29.468937950642218,distant,NN,NN,0
gathering,4337,57,0.0001201497445237,13.022878798703651,29.468937950642218,gather,NN,NN,0
crept,2224,63,0.0001327970860525,12.878488889368478,29.468937950642218,crept,NN,NN,0
narrow,6932,86,0.0001812785619129,12.429504058166298,29.468937950642218,narrow,NN,NN,0
sighed,9424,58,0.0001222576347785,12.997787817740823,29.468937950642218,sigh,NN,NN,0
gloom,4457,68,0.0001433365373265,12.768305971618055,29.468937950642218,gloom,NN,NN,0
clad,1747,77,0.0001623075496197,12.588982272173494,29.468937950642218,clad,NN,NN,0
orc,7294,181,0.0003815281361191,11.35592292578519,29.468937950642218,orc,NN,NN,0
rohan,8763,202,0.0004257938314699,11.1975573301166,29.468937950642218,rohan,NN,NN,0
opening,7278,71,0.0001496602080909,12.706021693363711,29.468937950642218,open,NN,NN,0
doom,2865,123,0.0002592705013406,11.913254307529156,29.468937950642218,doom,NN,NN,0
o,7162,138,0.0002908888551626,11.747244356090226,29.468937950642218,o,NN,NN,1
speech,9862,69,0.0001454444275813,12.747244356090226,29.468937950642218,speech,NN,NN,0
bilbo,900,329,0.0006934958938297,10.493825039133156,29.468937950642218,bilbo,NN,NN,0
talk,10564,100,0.0002107890254801,12.21191262309367,29.468937950642218,talk,NN,NN,0
blue,1013,67,0.0001412286470717,12.789679622410622,29.468937950642218,blue,NN,NN,0
window,12151,84,0.0001770627814033,12.463451390089634,29.468937950642218,window,NN,NN,0
deal,2443,85,0.0001791706716581,12.446377876730692,29.468937950642218,deal,NN,NN,0
awoke,560,16,3.3726244076828385e-05,14.855768812868396,29.29883569919518,awok,NN,NN,0
summit,10369,16,3.3726244076828385e-05,14.855768812868396,29.29883569919518,summit,NN,NN,0
job,5695,20,4.215780509603548e-05,14.533840717981032,29.29883569919518,job,NN,NN,0
thoughtfully,10768,20,4.215780509603548e-05,14.533840717981032,29.29883569919518,thought,NN,NN,0
bade,580,22,4.637358560563903e-05,14.396337194231098,29.29883569919518,bade,NN,NN,0
allow,222,15,3.161835382202661e-05,14.948878217259876,29.29883569919518,allow,VB,VB,0
decide,2474,20,4.215780509603548e-05,14.533840717981032,29.29883569919518,decid,NN,NN,0
shaft,9214,21,4.426569535083726e-05,14.463451390089634,29.29883569919518,shaft,NN,NN,0
moonlight,6760,22,4.637358560563903e-05,14.396337194231098,29.29883569919518,moonlight,NN,NN,0
flower,3940,21,4.426569535083726e-05,14.463451390089634,29.29883569919518,flower,NN,NN,0
leader,5980,36,7.588404917286387e-05,13.685843811426082,29.29883569919518,leader,NN,NN,0
saddle,8904,19,4.004991484123371e-05,14.607841299424807,29.29883569919518,saddl,NN,NN,0
noble,7058,17,3.583413433163016e-05,14.768305971618055,29.29883569919518,nobl,JJ,JJ,0
rocky,8758,18,3.7942024586431934e-05,14.685843811426082,29.29883569919518,rocki,NN,NN,0
wave,11908,15,3.161835382202661e-05,14.948878217259876,29.29883569919518,wave,NN,NN,0
banner,628,28,5.902092713444967e-05,14.04841389081079,29.29883569919518,banner,NN,NN,0
foam,3964,18,3.7942024586431934e-05,14.685843811426082,29.29883569919518,foam,NN,NN,0
delighted,2537,14,2.951046356722484e-05,15.04841389081079,29.29883569919518,delight,JJ,JJ,0
treacherous,11053,16,3.3726244076828385e-05,14.855768812868396,29.29883569919518,treacher,JJ,JJ,0
proper,8061,18,3.7942024586431934e-05,14.685843811426082,29.29883569919518,proper,NN,NN,0
kingdom,5796,19,4.004991484123371e-05,14.607841299424807,29.29883569919518,kingdom,NN,NN,0
stray,10229,13,2.740257331242306e-05,15.155329094727303,29.29883569919518,stray,NN,NN,0
duty,3051,21,4.426569535083726e-05,14.463451390089634,29.29883569919518,duti,NN,NN,0
important,5445,24,5.0589366115242574e-05,14.27080631214724,29.29883569919518,import,JJ,JJ,0
eh,3174,22,4.637358560563903e-05,14.396337194231098,29.29883569919518,eh,NN,NN,0
veil,11680,15,3.161835382202661e-05,14.948878217259876,29.29883569919518,veil,NN,NN,0
blanket,944,16,3.3726244076828385e-05,14.855768812868396,29.29883569919518,blanket,NN,NN,0
yawned,12354,14,2.951046356722484e-05,15.04841389081079,29.29883569919518,yawn,NN,NN,0
tail,10554,18,3.7942024586431934e-05,14.685843811426082,29.29883569919518,tail,NN,NN,0
inner,5523,19,4.004991484123371e-05,14.607841299424807,29.29883569919518,inner,NN,NN,0
charge,1635,19,4.004991484123371e-05,14.607841299424807,29.29883569919518,charg,NN,NN,0
alarm,194,15,3.161835382202661e-05,14.948878217259876,29.29883569919518,alarm,NN,NN,0
share,9241,15,3.161835382202661e-05,14.948878217259876,29.29883569919518,share,NN,NN,0
pipe,7745,30,6.323670764405322e-05,13.948878217259876,29.29883569919518,pipe,NN,NN,0
store,10178,20,4.215780509603548e-05,14.533840717981032,29.29883569919518,store,NN,NN,0
strayed,10230,13,2.740257331242306e-05,15.155329094727303,29.29883569919518,stray,NN,NN,0
various,11663,19,4.004991484123371e-05,14.607841299424807,29.29883569919518,variou,JJ,JJ,0
dozen,2912,23,4.84814758604408e-05,14.332206856811382,29.29883569919518,dozen,NN,NN,0
lighter,6101,16,3.3726244076828385e-05,14.855768812868396,29.29883569919518,lighter,NN,NN,0
receive,8360,14,2.951046356722484e-05,15.04841389081079,29.29883569919518,receiv,NN,NN,0
recall,8352,17,3.583413433163016e-05,14.768305971618055,29.29883569919518,recal,NN,NN,0
fog,3971,29,6.112881738925145e-05,13.997787817740823,29.29883569919518,fog,NN,NN,0
wept,11999,21,4.426569535083726e-05,14.463451390089634,29.29883569919518,wept,NN,NN,0
colour,1895,16,3.3726244076828385e-05,14.855768812868396,29.29883569919518,colour,NN,NN,0
faithful,3570,17,3.583413433163016e-05,14.768305971618055,29.29883569919518,faith,NN,NN,0
slay,9559,18,3.7942024586431934e-05,14.685843811426082,29.29883569919518,slay,NN,NN,0
steady,10083,19,4.004991484123371e-05,14.607841299424807,29.29883569919518,steadi,JJ,JJ,0
lembas,6043,20,4.215780509603548e-05,14.533840717981032,29.29883569919518,lemba,NN,NN,0
beauty,735,18,3.7942024586431934e-05,14.685843811426082,29.29883569919518,beauti,NN,NN,0
cup,2302,24,5.0589366115242574e-05,14.27080631214724,29.29883569919518,cup,NN,NN,0
trick,11093,17,3.583413433163016e-05,14.768305971618055,29.29883569919518,trick,NN,NN,0
prince,8011,34,7.166826866326032e-05,13.768305971618055,29.29883569919518,princ,NN,NN,0
glowed,4468,16,3.3726244076828385e-05,14.855768812868396,29.29883569919518,glow,NN,NN,0
journeyed,5715,27,5.69130368796479e-05,14.100881310704926,29.29883569919518,journey,NN,NN,0
stabbed,9999,15,3.161835382202661e-05,14.948878217259876,29.29883569919518,stab,NN,NN,0
brandywine,1179,29,6.112881738925145e-05,13.997787817740823,29.29883569919518,brandywin,NN,NN,0
glory,4464,20,4.215780509603548e-05,14.533840717981032,29.29883569919518,glori,NN,NN,0
desert,2600,14,2.951046356722484e-05,15.04841389081079,29.29883569919518,desert,NN,NN,0
wine,12157,25,5.269725637004435e-05,14.21191262309367,29.29883569919518,wine,NN,NN,0
hat,4902,23,4.84814758604408e-05,14.332206856811382,29.29883569919518,hat,NN,NN,0
anxiously,341,19,4.004991484123371e-05,14.607841299424807,29.29883569919518,anxious,NN,NN,0
oft,7230,15,3.161835382202661e-05,14.948878217259876,29.29883569919518,oft,NN,NN,0
turf,11198,23,4.84814758604408e-05,14.332206856811382,29.29883569919518,turf,NN,NN,0
relief,8478,17,3.583413433163016e-05,14.768305971618055,29.29883569919518,relief,NN,NN,0
legend,6032,21,4.426569535083726e-05,14.463451390089634,29.29883569919518,legend,NN,NN,0
hunger,5339,15,3.161835382202661e-05,14.948878217259876,29.29883569919518,hunger,NN,NN,0
midnight,6623,15,3.161835382202661e-05,14.948878217259876,29.29883569919518,midnight,NN,NN,0
leapt,6003,22,4.637358560563903e-05,14.396337194231098,29.29883569919518,leapt,NN,NN,0
daughter,2413,25,5.269725637004435e-05,14.21191262309367,29.29883569919518,daughter,NN,NN,0
rear,8335,19,4.004991484123371e-05,14.607841299424807,29.29883569919518,rear,NN,NN,0
usual,11612,17,3.583413433163016e-05,14.768305971618055,29.29883569919518,usual,JJ,JJ,0
lamp,5895,16,3.3726244076828385e-05,14.855768812868396,29.29883569919518,lamp,NN,NN,0
shelter,9278,19,4.004991484123371e-05,14.607841299424807,29.29883569919518,shelter,NN,NN,0
easy,3135,55,0.000115933964014,13.074409099343736,28.8719652704668,easi,JJ,JJ,0
command,1923,70,0.0001475523178361,12.726485795923429,28.8719652704668,command,NN,NN,0
surprise,10436,47,9.907084197568336e-05,13.301179961190758,28.8719652704668,surpris,NN,NN,0
floor,3930,77,0.0001623075496197,12.588982272173494,28.8719652704668,floor,NN,NN,0
purpose,8134,61,0.0001285813055429,12.92503147530551,28.8719652704668,purpos,NN,NN,0
change,1617,66,0.0001391207568169,12.811374693509942,28.8719652704668,chang,NN,NN,0
faint,3557,70,0.0001475523178361,12.726485795923429,28.8719652704668,faint,NN,NN,0
matter,6500,82,0.0001728470008937,12.498216808250312,28.8719652704668,matter,NN,NN,0
tongue,10942,86,0.0001812785619129,12.429504058166298,28.8719652704668,tongu,NN,NN,0
bit,915,114,0.0002402994890474,12.022878798703651,28.8719652704668,bit,NN,NN,0
shone,9332,70,0.0001475523178361,12.726485795923429,28.8719652704668,shone,NN,NN,0
midst,6624,56,0.0001180418542688,13.04841389081079,28.8719652704668,midst,NN,NN,0
grow,4681,62,0.0001306891957977,12.90157250248152,28.8719652704668,grow,NN,NN,0
year,12358,92,0.0001939259034417,12.332206856811382,28.8719652704668,year,NN,NN,0
spoken,9922,63,0.0001327970860525,12.878488889368478,28.8719652704668,spoken,NN,NN,0
try,11169,83,0.0001749548911485,12.48072938152147,28.8719652704668,tri,NN,NN,0
ve,11673,252,0.00053118834421,10.878488889368478,28.8719652704668,ve,NN,NN,1
size,9500,15,3.161835382202661e-05,14.948878217259876,28.43080571598864,size,NN,NN,0
funny,4235,23,4.84814758604408e-05,14.332206856811382,28.43080571598864,funni,NN,NN,0
bay,699,25,5.269725637004435e-05,14.21191262309367,28.43080571598864,bay,NN,NN,0
forty,4112,16,3.3726244076828385e-05,14.855768812868396,28.43080571598864,forti,NN,NN,0
hinder,5114,15,3.161835382202661e-05,14.948878217259876,28.43080571598864,hinder,NN,NN,0
rubbed,8821,14,2.951046356722484e-05,15.04841389081079,28.43080571598864,rub,NN,NN,0
astonishment,497,16,3.3726244076828385e-05,14.855768812868396,28.43080571598864,astonish,NN,NN,0
marvel,6465,14,2.951046356722484e-05,15.04841389081079,28.43080571598864,marvel,NN,NN,0
dragon,2920,19,4.004991484123371e-05,14.607841299424807,28.43080571598864,dragon,NN,NN,0
mid,6615,14,2.951046356722484e-05,15.04841389081079,28.43080571598864,mid,NN,NN,0
curtain,2324,17,3.583413433163016e-05,14.768305971618055,28.43080571598864,curtain,NN,NN,0
carven,1520,18,3.7942024586431934e-05,14.685843811426082,28.43080571598864,carven,NN,NN,0
bless,968,17,3.583413433163016e-05,14.768305971618055,28.43080571598864,bless,NN,NN,0
custom,2334,15,3.161835382202661e-05,14.948878217259876,28.43080571598864,custom,NN,NN,0
smoking,9662,17,3.583413433163016e-05,14.768305971618055,28.43080571598864,smoke,NN,NN,0
movement,6833,15,3.161835382202661e-05,14.948878217259876,28.43080571598864,movement,NN,NN,0
paid,7467,15,3.161835382202661e-05,14.948878217259876,28.43080571598864,paid,NN,NN,0
disturbed,2817,17,3.583413433163016e-05,14.768305971618055,28.43080571598864,disturb,NN,NN,0
visit,11742,14,2.951046356722484e-05,15.04841389081079,28.43080571598864,visit,NN,NN,0
foe,3968,21,4.426569535083726e-05,14.463451390089634,28.43080571598864,foe,NN,NN,0
hearth,4977,17,3.583413433163016e-05,14.768305971618055,28.43080571598864,hearth,NN,NN,0
bubbling,1310,14,2.951046356722484e-05,15.04841389081079,28.43080571598864,bubbl,NN,NN,0
trail,11017,51,0.0001075024029948,13.1833434708969,28.43080571598864,trail,NN,NN,0
root,8781,22,4.637358560563903e-05,14.396337194231098,28.43080571598864,root,NN,NN,0
meat,6535,16,3.3726244076828385e-05,14.855768812868396,28.43080571598864,meat,NN,NN,0
samwise,8942,25,5.269725637004435e-05,14.21191262309367,28.43080571598864,samwis,NN,NN,0
throne,10802,16,3.3726244076828385e-05,14.855768812868396,28.43080571598864,throne,NN,NN,0
uneasily,11369,14,2.951046356722484e-05,15.04841389081079,28.43080571598864,uneasili,NN,NN,0
nobody,7060,19,4.004991484123371e-05,14.607841299424807,28.43080571598864,nobodi,NN,NN,0
happy,4847,18,3.7942024586431934e-05,14.685843811426082,28.43080571598864,happi,JJ,JJ,0
swan,10473,15,3.161835382202661e-05,14.948878217259876,28.43080571598864,swan,NN,NN,0
dike,2682,35,7.377615891806209e-05,13.726485795923429,28.43080571598864,dike,NN,NN,0
mention,6577,17,3.583413433163016e-05,14.768305971618055,28.43080571598864,mention,NN,NN,0
rid,8659,16,3.3726244076828385e-05,14.855768812868396,28.43080571598864,rid,JJ,JJ,0
crash,2198,15,3.161835382202661e-05,14.948878217259876,28.43080571598864,crash,NN,NN,0
treachery,11055,16,3.3726244076828385e-05,14.855768812868396,28.43080571598864,treacheri,NN,NN,0
brandybuck,1177,27,5.69130368796479e-05,14.100881310704926,28.43080571598864,brandybuck,NN,NN,0
deem,2491,21,4.426569535083726e-05,14.463451390089634,28.43080571598864,deem,NN,NN,0
prisoner,8018,19,4.004991484123371e-05,14.607841299424807,28.43080571598864,prison,NN,NN,0
swayed,10486,14,2.951046356722484e-05,15.04841389081079,28.43080571598864,sway,NN,NN,0
press,7979,16,3.3726244076828385e-05,14.855768812868396,28.43080571598864,press,NN,NN,0
perceive,7632,13,2.740257331242306e-05,15.155329094727303,28.43080571598864,perceiv,NN,NN,0
eagle,3099,17,3.583413433163016e-05,14.768305971618055,28.43080571598864,eagl,NN,NN,0
lane,5913,46,9.69629517208816e-05,13.332206856811382,28.43080571598864,lane,NN,NN,0
overcome,7394,12,2.5294683057621287e-05,15.27080631214724,28.43080571598864,overcom,NN,NN,0
explain,3497,18,3.7942024586431934e-05,14.685843811426082,28.43080571598864,explain,NN,NN,0
sleepy,9573,17,3.583413433163016e-05,14.768305971618055,28.43080571598864,sleepi,NN,NN,0
prevent,7993,13,2.740257331242306e-05,15.155329094727303,28.43080571598864,prevent,NN,NN,0
dell,2544,30,6.323670764405322e-05,13.948878217259876,28.43080571598864,dell,NN,NN,0
unlooked,11450,14,2.951046356722484e-05,15.04841389081079,28.43080571598864,unlook,JJ,JJ,0
yesterday,12372,18,3.7942024586431934e-05,14.685843811426082,28.43080571598864,yesterday,NN,NN,0
drinking,2965,14,2.951046356722484e-05,15.04841389081079,28.43080571598864,drink,NN,NN,0
wary,11875,15,3.161835382202661e-05,14.948878217259876,28.43080571598864,wari,JJ,JJ,0
eorl,3352,29,6.112881738925145e-05,13.997787817740823,28.43080571598864,eorl,NN,NN,0
hail,4776,21,4.426569535083726e-05,14.463451390089634,28.43080571598864,hail,NN,NN,0
fifty,3747,21,4.426569535083726e-05,14.463451390089634,28.43080571598864,fifti,NN,NN,0
reluctant,8484,14,2.951046356722484e-05,15.04841389081079,28.43080571598864,reluct,NN,NN,0
game,4288,14,2.951046356722484e-05,15.04841389081079,28.43080571598864,game,NN,NN,0
brooding,1280,12,2.5294683057621287e-05,15.27080631214724,28.43080571598864,brood,NN,NN,0
lo,6190,19,4.004991484123371e-05,14.607841299424807,28.43080571598864,lo,NN,NN,0
urgent,11597,15,3.161835382202661e-05,14.948878217259876,28.43080571598864,urgent,NN,NN,0
peak,7589,16,3.3726244076828385e-05,14.855768812868396,28.43080571598864,peak,NN,NN,0
tight,10860,15,3.161835382202661e-05,14.948878217259876,28.43080571598864,tight,NN,NN,0
beer,759,27,5.69130368796479e-05,14.100881310704926,28.43080571598864,beer,NN,NN,0
bidding,888,12,2.5294683057621287e-05,15.27080631214724,28.43080571598864,bid,NN,NN,0
greet,4611,13,2.740257331242306e-05,15.155329094727303,28.43080571598864,greet,NN,NN,0
fed,3676,16,3.3726244076828385e-05,14.855768812868396,28.43080571598864,fed,NN,NN,0
broad,1262,61,0.0001285813055429,12.92503147530551,28.233767122004267,broad,JJ,JJ,0
hung,5338,59,0.0001243655250333,12.973125763506554,28.233767122004267,hung,NN,NN,0
thin,10729,70,0.0001475523178361,12.726485795923429,28.233767122004267,thin,NN,NN,0
quick,8199,76,0.0001601996593649,12.607841299424807,28.233767122004267,quick,NN,NN,0
front,4193,74,0.0001559838788553,12.646315447239443,28.233767122004267,front,NN,NN,0
door,2868,236,0.0004974621001332,10.973125763506554,28.233767122004267,door,NN,NN,0
bare,644,64,0.0001349049763073,12.855768812868396,28.233767122004267,bare,NN,NN,0
western,12008,67,0.0001412286470717,12.789679622410622,28.233767122004267,western,JJ,JJ,0
terror,10674,70,0.0001475523178361,12.726485795923429,28.233767122004267,terror,NN,NN,0
trust,11161,70,0.0001475523178361,12.726485795923429,28.233767122004267,trust,NN,NN,0
desire,2610,79,0.0001665233301293,12.551988064691292,28.233767122004267,desir,NN,NN,0
mist,6702,93,0.0001960337936965,12.316610001760363,28.233767122004267,mist,NN,NN,0
ride,8666,179,0.0003773123556095,11.37195303560414,28.233767122004267,ride,NN,NN,0
eastward,3133,96,0.0002023574644609,12.27080631214724,28.233767122004267,eastward,NN,NN,0
drink,2964,84,0.0001770627814033,12.463451390089634,28.233767122004267,drink,NN,NN,0
escape,3381,91,0.0001918180131869,12.3479741726697,27.55548895604324,escap,NN,NN,0
suppose,10411,79,0.0001665233301293,12.551988064691292,27.55548895604324,suppos,NN,NN,0
forth,4101,103,0.0002171126962445,12.169268285685176,27.55548895604324,forth,NN,NN,0
farewell,3612,100,0.0002107890254801,12.21191262309367,27.55548895604324,farewel,NN,NN,0
large,5927,110,0.0002318679280281,12.074409099343736,27.55548895604324,larg,JJ,JJ,0
westward,12017,72,0.0001517680983457,12.685843811426082,27.55548895604324,westward,NN,NN,0
true,11147,87,0.0001833864521677,12.412825317019667,27.55548895604324,true,JJ,JJ,0
blew,975,53,0.0001117181835044,13.127848358305195,27.55548895604324,blew,NN,NN,0
aware,554,72,0.0001517680983457,12.685843811426082,27.55548895604324,awar,JJ,JJ,0
speed,9865,81,0.0001707391106389,12.51591880998377,27.55548895604324,speed,NN,NN,0
sit,9492,66,0.0001391207568169,12.811374693509942,27.55548895604324,sit,NN,NN,0
young,12390,121,0.000255054720831,11.9369055755938,27.55548895604324,young,JJ,JJ,0
guard,4703,107,0.0002255442572637,12.114301826467248,27.55548895604324,guard,NN,NN,0
arm,416,84,0.0001770627814033,12.463451390089634,27.55548895604324,arm,NN,NN,0
point,7845,81,0.0001707391106389,12.51591880998377,27.55548895604324,point,NN,NN,0
clasped,1767,15,3.161835382202661e-05,14.948878217259876,27.44241160924536,clasp,NN,NN,0
bombadil,1070,38,8.009982968246742e-05,13.607841299424807,27.44241160924536,bombadil,NN,NN,0
mercy,6582,11,2.3186792802819512e-05,15.396337194231098,27.44241160924536,merci,NN,NN,0
defeat,2504,14,2.951046356722484e-05,15.04841389081079,27.44241160924536,defeat,NN,NN,0
regret,8443,14,2.951046356722484e-05,15.04841389081079,27.44241160924536,regret,NN,NN,0
eldest,3190,14,2.951046356722484e-05,15.04841389081079,27.44241160924536,eldest,NN,NN,0
downwards,2909,14,2.951046356722484e-05,15.04841389081079,27.44241160924536,downward,NN,NN,0
ordinary,7308,13,2.740257331242306e-05,15.155329094727303,27.44241160924536,ordinari,JJ,JJ,0
fat,3635,16,3.3726244076828385e-05,14.855768812868396,27.44241160924536,fat,NN,NN,0
mithrandir,6717,48,0.0001011787322304,13.27080631214724,27.44241160924536,mithrandir,NN,NN,0
concern,1972,12,2.5294683057621287e-05,15.27080631214724,27.44241160924536,concern,NN,NN,0
lift,6092,11,2.3186792802819512e-05,15.396337194231098,27.44241160924536,lift,NN,NN,0
tread,11056,18,3.7942024586431934e-05,14.685843811426082,27.44241160924536,tread,NN,NN,0
row,8814,22,4.637358560563903e-05,14.396337194231098,27.44241160924536,row,NN,NN,0
nasty,6942,24,5.0589366115242574e-05,14.27080631214724,27.44241160924536,nasti,JJ,JJ,0
odd,7209,20,4.215780509603548e-05,14.533840717981032,27.44241160924536,odd,NN,NN,0
avoid,541,11,2.3186792802819512e-05,15.396337194231098,27.44241160924536,avoid,NN,NN,0
shake,9218,13,2.740257331242306e-05,15.155329094727303,27.44241160924536,shake,NN,NN,0
belong,819,12,2.5294683057621287e-05,15.27080631214724,27.44241160924536,belong,NN,NN,0
bleak,958,14,2.951046356722484e-05,15.04841389081079,27.44241160924536,bleak,NN,NN,0
fetch,3719,16,3.3726244076828385e-05,14.855768812868396,27.44241160924536,fetch,NN,NN,0
baggage,591,18,3.7942024586431934e-05,14.685843811426082,27.44241160924536,baggag,NN,NN,0
lap,5922,19,4.004991484123371e-05,14.607841299424807,27.44241160924536,lap,NN,NN,0
manage,6404,15,3.161835382202661e-05,14.948878217259876,27.44241160924536,manag,NN,NN,0
unknown,11435,14,2.951046356722484e-05,15.04841389081079,27.44241160924536,unknown,JJ,JJ,0
shapeless,9235,12,2.5294683057621287e-05,15.27080631214724,27.44241160924536,shapeless,NN,NN,0
motionless,6805,13,2.740257331242306e-05,15.155329094727303,27.44241160924536,motionless,NN,NN,0
fury,4252,19,4.004991484123371e-05,14.607841299424807,27.44241160924536,furi,NN,NN,0
buckland,1313,31,6.5344597898855e-05,13.90157250248152,27.44241160924536,buckland,NN,NN,0
shouldn,9356,16,3.3726244076828385e-05,14.855768812868396,27.44241160924536,shouldn,NN,NN,1
tone,10938,11,2.3186792802819512e-05,15.396337194231098,27.44241160924536,tone,NN,NN,0
lucky,6308,13,2.740257331242306e-05,15.155329094727303,27.44241160924536,lucki,JJ,JJ,0
fare,3610,14,2.951046356722484e-05,15.04841389081079,27.44241160924536,fare,NN,NN,0
teach,10618,13,2.740257331242306e-05,15.155329094727303,27.44241160924536,teach,NN,NN,0
born,1103,13,2.740257331242306e-05,15.155329094727303,27.44241160924536,born,NN,NN,0
impossible,5446,12,2.5294683057621287e-05,15.27080631214724,27.44241160924536,imposs,JJ,JJ,0
cirith,1740,28,5.902092713444967e-05,14.04841389081079,27.44241160924536,cirith,NN,NN,0
boat,1030,61,0.0001285813055429,12.92503147530551,27.44241160924536,boat,NN,NN,0
crawl,2204,13,2.740257331242306e-05,15.155329094727303,27.44241160924536,crawl,NN,NN,0
toil,10923,12,2.5294683057621287e-05,15.27080631214724,27.44241160924536,toil,NN,NN,0
happier,4844,13,2.740257331242306e-05,15.155329094727303,27.44241160924536,happier,NN,NN,0
flesh,3895,16,3.3726244076828385e-05,14.855768812868396,27.44241160924536,flesh,NN,NN,0
stricken,10251,17,3.583413433163016e-05,14.768305971618055,27.44241160924536,stricken,NN,NN,0
flew,3899,12,2.5294683057621287e-05,15.27080631214724,27.44241160924536,flew,NN,NN,0
thicket,10720,15,3.161835382202661e-05,14.948878217259876,27.44241160924536,thicket,NN,NN,0
bell,810,19,4.004991484123371e-05,14.607841299424807,27.44241160924536,bell,NN,NN,0
warrior,11871,19,4.004991484123371e-05,14.607841299424807,27.44241160924536,warrior,NN,NN,0
closing,1832,13,2.740257331242306e-05,15.155329094727303,27.44241160924536,close,NN,NN,0
forehead,4043,13,2.740257331242306e-05,15.155329094727303,27.44241160924536,forehead,NN,NN,0
naked,6914,19,4.004991484123371e-05,14.607841299424807,27.44241160924536,nake,JJ,JJ,0
week,11976,18,3.7942024586431934e-05,14.685843811426082,27.44241160924536,week,NN,NN,0
jest,5682,12,2.5294683057621287e-05,15.27080631214724,27.44241160924536,jest,NN,NN,0
sung,10382,13,2.740257331242306e-05,15.155329094727303,27.44241160924536,sung,NN,NN,0
fifth,3745,13,2.740257331242306e-05,15.155329094727303,27.44241160924536,fifth,NN,NN,0
pause,7566,14,2.951046356722484e-05,15.04841389081079,27.44241160924536,paus,NN,NN,0
brother,1286,30,6.323670764405322e-05,13.948878217259876,27.44241160924536,brother,NN,NN,0
measure,6531,13,2.740257331242306e-05,15.155329094727303,27.44241160924536,measur,NN,NN,0
form,4088,14,2.951046356722484e-05,15.04841389081079,27.44241160924536,form,NN,NN,0
queen,8180,17,3.583413433163016e-05,14.768305971618055,27.44241160924536,queen,NN,NN,0
weed,11973,17,3.583413433163016e-05,14.768305971618055,27.44241160924536,weed,NN,NN,0
sigh,9423,14,2.951046356722484e-05,15.04841389081079,27.44241160924536,sigh,NN,NN,0
guest,4715,15,3.161835382202661e-05,14.948878217259876,27.44241160924536,guest,NN,NN,0
deny,2568,15,3.161835382202661e-05,14.948878217259876,27.44241160924536,deni,NN,NN,0
starlight,10050,16,3.3726244076828385e-05,14.855768812868396,27.44241160924536,starlight,NN,NN,0
prey,7998,12,2.5294683057621287e-05,15.27080631214724,27.44241160924536,prey,NN,NN,0
horseman,5267,15,3.161835382202661e-05,14.948878217259876,27.44241160924536,horseman,NN,NN,0
approach,378,12,2.5294683057621287e-05,15.27080631214724,27.44241160924536,approach,NN,NN,0
thread,10775,14,2.951046356722484e-05,15.04841389081079,27.44241160924536,thread,NN,NN,0
thrice,10790,12,2.5294683057621287e-05,15.27080631214724,27.44241160924536,thrice,NN,NN,0
willow,12137,39,8.220771993726919e-05,13.570366594006147,27.44241160924536,willow,NN,NN,0
hasty,4900,27,5.69130368796479e-05,14.100881310704926,27.44241160924536,hasti,NN,NN,0
doubtless,2893,15,3.161835382202661e-05,14.948878217259876,27.44241160924536,doubtless,NN,NN,0
splendid,9908,14,2.951046356722484e-05,15.04841389081079,27.44241160924536,splendid,NN,NN,0
roll,8766,15,3.161835382202661e-05,14.948878217259876,27.44241160924536,roll,NN,NN,0
challenge,1603,14,2.951046356722484e-05,15.04841389081079,27.44241160924536,challeng,NN,NN,0
messenger,6601,31,6.5344597898855e-05,13.90157250248152,27.44241160924536,messeng,NN,NN,0
lofty,6214,11,2.3186792802819512e-05,15.396337194231098,27.44241160924536,lofti,NN,NN,0
amon,266,24,5.0589366115242574e-05,14.27080631214724,27.44241160924536,amon,NN,NN,0
venture,11691,12,2.5294683057621287e-05,15.27080631214724,27.44241160924536,ventur,NN,NN,0
tiny,10889,11,2.3186792802819512e-05,15.396337194231098,27.44241160924536,tini,JJ,JJ,0
daresay,2388,17,3.583413433163016e-05,14.768305971618055,27.44241160924536,daresay,NN,NN,0
weep,11978,13,2.740257331242306e-05,15.155329094727303,27.44241160924536,weep,NN,NN,0
simple,9459,16,3.3726244076828385e-05,14.855768812868396,27.44241160924536,simpl,NN,NN,0
pick,7689,14,2.951046356722484e-05,15.04841389081079,27.44241160924536,pick,NN,NN,0
worthy,12284,14,2.951046356722484e-05,15.04841389081079,27.44241160924536,worthi,NN,NN,0
creep,2220,12,2.5294683057621287e-05,15.27080631214724,27.44241160924536,creep,NN,NN,0
shrank,9370,13,2.740257331242306e-05,15.155329094727303,27.44241160924536,shrank,NN,NN,0
tale,10561,100,0.0002107890254801,12.21191262309367,26.83821428384501,tale,NN,NN,0
distance,2800,68,0.0001433365373265,12.768305971618055,26.83821428384501,distanc,NN,NN,0
m,6355,132,0.0002782415136338,11.811374693509942,26.83821428384501,m,NN,NN,1
fast,3627,72,0.0001517680983457,12.685843811426082,26.83821428384501,fast,NN,NN,0
watch,11885,92,0.0001939259034417,12.332206856811382,26.83821428384501,watch,NN,NN,0
loud,6282,54,0.0001138260737592,13.100881310704926,26.83821428384501,loud,NN,NN,0
danger,2376,81,0.0001707391106389,12.51591880998377,26.83821428384501,danger,NN,NN,0
kind,5780,74,0.0001559838788553,12.646315447239443,26.83821428384501,kind,NN,NN,0
mighty,6631,86,0.0001812785619129,12.429504058166298,26.83821428384501,mighti,NN,NN,0
gold,4499,116,0.000244515269557,11.997787817740823,26.83821428384501,gold,NN,NN,0
haste,4894,71,0.0001496602080909,12.706021693363711,26.83821428384501,hast,NN,NN,0
song,9768,115,0.0002424073793022,12.01027876192402,26.83821428384501,song,NN,NN,0
smoke,9659,90,0.0001897101229321,12.36391571653872,26.83821428384501,smoke,NN,NN,0
quiet,8210,73,0.0001538759886005,12.665944253988378,26.83821428384501,quiet,JJ,JJ,0
dangerous,2377,71,0.0001496602080909,12.706021693363711,26.83821428384501,danger,JJ,JJ,0
forget,4071,59,0.0001243655250333,12.973125763506554,26.83821428384501,forget,NN,NN,0
top,10955,126,0.000265594172105,11.878488889368478,26.83821428384501,top,NN,NN,0
mirror,6669,26,5.480514662484612e-05,14.155329094727303,26.322682154995128,mirror,NN,NN,0
pride,8005,13,2.740257331242306e-05,15.155329094727303,26.322682154995128,pride,NN,NN,0
bowl,1137,16,3.3726244076828385e-05,14.855768812868396,26.322682154995128,bowl,NN,NN,0
leap,5998,11,2.3186792802819512e-05,15.396337194231098,26.322682154995128,leap,NN,NN,0
worry,12275,19,4.004991484123371e-05,14.607841299424807,26.322682154995128,worri,NN,NN,0
likeness,6116,12,2.5294683057621287e-05,15.27080631214724,26.322682154995128,like,NN,NN,0
steward,10119,34,7.166826866326032e-05,13.768305971618055,26.322682154995128,steward,NN,NN,0
vague,11623,12,2.5294683057621287e-05,15.27080631214724,26.322682154995128,vagu,NN,NN,0
cloth,1833,17,3.583413433163016e-05,14.768305971618055,26.322682154995128,cloth,NN,NN,0
spirit,9895,14,2.951046356722484e-05,15.04841389081079,26.322682154995128,spirit,NN,NN,0
darkly,2398,13,2.740257331242306e-05,15.155329094727303,26.322682154995128,darkli,NN,NN,0
