,term_str,n,p,i,dfidf,porter_stem,max_pos,max_pos_group,stop
3781,fine,39,8.220771993726919e-05,13.570366594006147,32.90459014958683,fine,NN,NN,0
12272,worn,28,5.902092713444967e-05,14.04841389081079,32.90459014958683,worn,NN,NN,0
7022,nice,90,0.0001897101229321,12.36391571653872,32.90459014958683,nice,JJ,JJ,0
8514,remote,29,6.112881738925145e-05,13.997787817740823,32.90459014958683,remot,NN,NN,0
5261,horror,36,7.588404917286387e-05,13.685843811426082,32.90459014958683,horror,NN,NN,0
10600,task,36,7.588404917286387e-05,13.685843811426082,32.90459014958683,task,NN,NN,0
5023,helm,85,0.0001791706716581,12.446377876730692,32.90459014958683,helm,NN,NN,0
11347,understood,28,5.902092713444967e-05,14.04841389081079,32.90459014958683,understood,NN,NN,0
2176,crack,40,8.431561019207097e-05,13.533840717981032,32.90459014958683,crack,NN,NN,0
7507,pardon,35,7.377615891806209e-05,13.726485795923429,32.90459014958683,pardon,NN,NN,0
1192,break,37,7.799193942766564e-05,13.646315447239443,32.90459014958683,break,NN,NN,0
144,afternoon,36,7.588404917286387e-05,13.685843811426082,32.90459014958683,afternoon,NN,NN,0
9122,seek,55,0.000115933964014,13.074409099343736,32.90459014958683,seek,NN,NN,0
3281,endure,32,6.745248815365677e-05,13.855768812868396,32.90459014958683,endur,NN,NN,0
4439,glimpse,31,6.5344597898855e-05,13.90157250248152,32.90459014958683,glimps,NN,NN,0
1368,burst,36,7.588404917286387e-05,13.685843811426082,32.90459014958683,burst,NN,NN,0
3096,eager,28,5.902092713444967e-05,14.04841389081079,32.90459014958683,eager,NN,NN,0
503,ate,32,6.745248815365677e-05,13.855768812868396,32.90459014958683,ate,NN,NN,0
10187,storm,50,0.00010539451274,13.21191262309367,32.90459014958683,storm,NN,NN,0
5144,hither,42,8.853139070167451e-05,13.463451390089634,32.90459014958683,hither,NN,NN,0
10192,story,60,0.0001264734152881,12.948878217259876,32.90459014958683,stori,NN,NN,0
10259,strike,28,5.902092713444967e-05,14.04841389081079,32.90459014958683,strike,NN,NN,0
10255,strider,232,0.000489030539114,10.997787817740823,32.90459014958683,strider,NN,NN,0
732,beautiful,55,0.000115933964014,13.074409099343736,32.90459014958683,beauti,NN,NN,0
2621,desperate,35,7.377615891806209e-05,13.726485795923429,32.90459014958683,desper,NN,NN,0
3056,dwell,45,9.485506146607982e-05,13.36391571653872,32.90459014958683,dwell,NN,NN,0
5183,hole,59,0.0001243655250333,12.973125763506554,32.90459014958683,hole,NN,NN,0
9539,slain,53,0.0001117181835044,13.127848358305195,32.88482321849072,slain,NN,NN,0
3276,endless,32,6.745248815365677e-05,13.855768812868396,32.88482321849072,endless,NN,NN,0
9511,skill,32,6.745248815365677e-05,13.855768812868396,32.88482321849072,skill,NN,NN,0
9150,sense,42,8.853139070167451e-05,13.463451390089634,32.88482321849072,sens,NN,NN,0
5820,knife,43,9.063928095647628e-05,13.429504058166298,32.88482321849072,knife,NN,NN,0
1784,clearer,24,5.0589366115242574e-05,14.27080631214724,32.88482321849072,clearer,NN,NN,0
9175,service,43,9.063928095647628e-05,13.429504058166298,32.88482321849072,servic,NN,NN,0
1779,clean,36,7.588404917286387e-05,13.685843811426082,32.88482321849072,clean,NN,NN,0
3319,enter,43,9.063928095647628e-05,13.429504058166298,32.88482321849072,enter,NN,NN,0
5080,hewn,29,6.112881738925145e-05,13.997787817740823,32.88482321849072,hewn,NN,NN,0
10115,stern,31,6.5344597898855e-05,13.90157250248152,32.88482321849072,stern,NN,NN,0
909,bird,30,6.323670764405322e-05,13.948878217259876,32.88482321849072,bird,NN,NN,0
6523,meaning,28,5.902092713444967e-05,14.04841389081079,32.88482321849072,mean,NN,NN,0
4308,garden,50,0.00010539451274,13.21191262309367,32.88482321849072,garden,NN,NN,0
4290,gamgee,45,9.485506146607982e-05,13.36391571653872,32.88482321849072,gamge,NN,NN,0
11882,waste,31,6.5344597898855e-05,13.90157250248152,32.88482321849072,wast,NN,NN,0
4275,galadriel,83,0.0001749548911485,12.48072938152147,32.88482321849072,galadriel,NN,NN,0
6265,lore,49,0.0001032866224852,13.241058968753189,32.88482321849072,lore,NN,NN,0
8225,race,33,6.956037840845854e-05,13.811374693509942,32.88482321849072,race,NN,NN,0
9664,smooth,37,7.799193942766564e-05,13.646315447239443,32.88482321849072,smooth,NN,NN,0
5006,heed,30,6.323670764405322e-05,13.948878217259876,32.88482321849072,heed,NN,NN,0
1133,bow,41,8.642350044687274e-05,13.498216808250312,32.88482321849072,bow,NN,NN,0
6272,loss,27,5.69130368796479e-05,14.100881310704926,32.88482321849072,loss,NN,NN,0
3910,flight,32,6.745248815365677e-05,13.855768812868396,32.88482321849072,flight,NN,NN,0
1536,catch,32,6.745248815365677e-05,13.855768812868396,32.88482321849072,catch,NN,NN,0
3870,flash,31,6.5344597898855e-05,13.90157250248152,32.88482321849072,flash,NN,NN,0
7303,order,40,8.431561019207097e-05,13.533840717981032,32.88482321849072,order,NN,NN,0
1598,chair,52,0.0001096102932496,13.155329094727303,32.88482321849072,chair,NN,NN,0
9090,search,36,7.588404917286387e-05,13.685843811426082,32.88482321849072,search,NN,NN,0
7876,pool,47,9.907084197568336e-05,13.301179961190758,32.88482321849072,pool,NN,NN,0
4360,gentle,29,6.112881738925145e-05,13.997787817740823,32.88482321849072,gentl,NN,NN,0
5916,language,33,6.956037840845854e-05,13.811374693509942,32.88482321849072,languag,NN,NN,0
9358,shout,32,6.745248815365677e-05,13.855768812868396,32.88482321849072,shout,NN,NN,0
2673,different,38,8.009982968246742e-05,13.607841299424807,32.88482321849072,differ,JJ,JJ,0
4719,guide,38,8.009982968246742e-05,13.607841299424807,32.88482321849072,guid,NN,NN,0
12019,wet,36,7.588404917286387e-05,13.685843811426082,32.88482321849072,wet,NN,NN,0
2498,deeper,40,8.431561019207097e-05,13.533840717981032,32.88482321849072,deeper,NN,NN,0
12287,wouldn,31,6.5344597898855e-05,13.90157250248152,32.88482321849072,wouldn,NN,NN,1
6667,mirkwood,41,8.642350044687274e-05,13.498216808250312,32.88482321849072,mirkwood,NN,NN,0
9789,sorry,37,7.799193942766564e-05,13.646315447239443,32.88482321849072,sorri,NN,NN,0
2690,dimly,30,6.323670764405322e-05,13.948878217259876,32.88482321849072,dimli,NN,NN,0
8373,reckon,30,6.323670764405322e-05,13.948878217259876,32.88482321849072,reckon,NN,NN,0
5188,hollow,53,0.0001117181835044,13.127848358305195,32.88482321849072,hollow,NN,NN,0
11629,vale,54,0.0001138260737592,13.100881310704926,32.86161143197726,vale,NN,NN,0
247,amazement,27,5.69130368796479e-05,14.100881310704926,32.86161143197726,amaz,NN,NN,0
4117,foul,57,0.0001201497445237,13.022878798703651,32.86161143197726,foul,NN,NN,0
12174,wisdom,45,9.485506146607982e-05,13.36391571653872,32.86161143197726,wisdom,NN,NN,0
11800,wake,50,0.00010539451274,13.21191262309367,32.86161143197726,wake,NN,NN,0
6543,meeting,34,7.166826866326032e-05,13.768305971618055,32.86161143197726,meet,NN,NN,0
1707,choice,54,0.0001138260737592,13.100881310704926,32.86161143197726,choic,NN,NN,0
1514,carry,36,7.588404917286387e-05,13.685843811426082,32.86161143197726,carri,NN,NN,0
11986,welcome,55,0.000115933964014,13.074409099343736,32.86161143197726,welcom,NN,NN,0
2936,dread,44,9.274717121127804e-05,13.396337194231098,32.86161143197726,dread,NN,NN,0
7030,nigh,33,6.956037840845854e-05,13.811374693509942,32.86161143197726,nigh,JJ,JJ,0
7760,pity,57,0.0001201497445237,13.022878798703651,32.86161143197726,piti,NN,NN,0
2930,draw,32,6.745248815365677e-05,13.855768812868396,32.86161143197726,draw,NN,NN,0
3833,fit,32,6.745248815365677e-05,13.855768812868396,32.86161143197726,fit,NN,NN,0
8087,prove,32,6.745248815365677e-05,13.855768812868396,32.86161143197726,prove,NN,NN,0
10274,stroke,44,9.274717121127804e-05,13.396337194231098,32.86161143197726,stroke,NN,NN,0
2268,crown,51,0.0001075024029948,13.1833434708969,32.86161143197726,crown,NN,NN,0
720,bearer,42,8.853139070167451e-05,13.463451390089634,32.86161143197726,bearer,NN,NN,0
5275,host,91,0.0001918180131869,12.3479741726697,32.86161143197726,host,NN,NN,0
3062,dwelt,51,0.0001075024029948,13.1833434708969,32.86161143197726,dwelt,NN,NN,0
11984,weight,38,8.009982968246742e-05,13.607841299424807,32.86161143197726,weight,NN,NN,0
125,afar,34,7.166826866326032e-05,13.768305971618055,32.86161143197726,afar,NN,NN,0
10096,steel,38,8.009982968246742e-05,13.607841299424807,32.86161143197726,steel,NN,NN,0
7653,perilous,38,8.009982968246742e-05,13.607841299424807,32.86161143197726,peril,JJ,JJ,0
1199,breast,45,9.485506146607982e-05,13.36391571653872,32.86161143197726,breast,NN,NN,0
1255,brink,41,8.642350044687274e-05,13.498216808250312,32.86161143197726,brink,NN,NN,0
4871,harm,38,8.009982968246742e-05,13.607841299424807,32.86161143197726,harm,NN,NN,0
2036,content,35,7.377615891806209e-05,13.726485795923429,32.86161143197726,content,NN,NN,0
10685,thank,34,7.166826866326032e-05,13.768305971618055,32.86161143197726,thank,NN,NN,0
10827,thunder,38,8.009982968246742e-05,13.607841299424807,32.86161143197726,thunder,NN,NN,0
10505,swept,36,7.588404917286387e-05,13.685843811426082,32.86161143197726,swept,NN,NN,0
345,anyone,31,6.5344597898855e-05,13.90157250248152,32.86161143197726,anyon,NN,NN,0
5089,hiding,40,8.431561019207097e-05,13.533840717981032,32.86161143197726,hide,NN,NN,0
4161,fresh,34,7.166826866326032e-05,13.768305971618055,32.86161143197726,fresh,JJ,JJ,0
11225,twenty,46,9.69629517208816e-05,13.332206856811382,32.86161143197726,twenti,NN,NN,0
4348,gear,38,8.009982968246742e-05,13.607841299424807,32.79945663977042,gear,NN,NN,0
9875,spent,26,5.480514662484612e-05,14.155329094727303,32.79945663977042,spent,NN,NN,0
11711,victory,38,8.009982968246742e-05,13.607841299424807,32.79945663977042,victori,NN,NN,0
2501,deeply,27,5.69130368796479e-05,14.100881310704926,32.79945663977042,deepli,NN,NN,0
3786,finger,36,7.588404917286387e-05,13.685843811426082,32.79945663977042,finger,NN,NN,0
4301,gap,33,6.956037840845854e-05,13.811374693509942,32.79945663977042,gap,NN,NN,0
2570,depart,29,6.112881738925145e-05,13.997787817740823,32.79945663977042,depart,NN,NN,0
8708,rise,26,5.480514662484612e-05,14.155329094727303,32.79945663977042,rise,NN,NN,0
1194,breakfast,33,6.956037840845854e-05,13.811374693509942,32.79945663977042,breakfast,NN,NN,0
9338,shore,52,0.0001096102932496,13.155329094727303,32.79945663977042,shore,NN,NN,0
3959,fly,35,7.377615891806209e-05,13.726485795923429,32.79945663977042,fli,NN,NN,0
3997,fool,50,0.00010539451274,13.21191262309367,32.79945663977042,fool,NN,NN,0
7581,pay,27,5.69130368796479e-05,14.100881310704926,32.79945663977042,pay,NN,NN,0
835,bending,27,5.69130368796479e-05,14.100881310704926,32.79945663977042,bend,NN,NN,0
8857,rumour,33,6.956037840845854e-05,13.811374693509942,32.79945663977042,rumour,NN,NN,0
12167,winter,44,9.274717121127804e-05,13.396337194231098,32.79945663977042,winter,NN,NN,0
4030,force,39,8.220771993726919e-05,13.570366594006147,32.79945663977042,forc,NN,NN,0
1106,boromir,277,0.00058388560058,10.742026646819207,32.79945663977042,boromir,NN,NN,0
1721,chosen,29,6.112881738925145e-05,13.997787817740823,32.79945663977042,chosen,NN,NN,0
3004,dry,40,8.431561019207097e-05,13.533840717981032,32.79945663977042,dri,NN,NN,0
3519,eyed,28,5.902092713444967e-05,14.04841389081079,32.79945663977042,eye,NN,NN,0
8325,real,38,8.009982968246742e-05,13.607841299424807,32.79945663977042,real,JJ,JJ,0
5865,lad,36,7.588404917286387e-05,13.685843811426082,32.79945663977042,lad,NN,NN,0
2161,cover,32,6.745248815365677e-05,13.855768812868396,32.79945663977042,cover,NN,NN,0
7801,pleased,30,6.323670764405322e-05,13.948878217259876,32.79945663977042,pleas,JJ,JJ,0
5869,laden,29,6.112881738925145e-05,13.997787817740823,32.79945663977042,laden,NN,NN,0
5083,hid,23,4.84814758604408e-05,14.332206856811382,32.79945663977042,hid,NN,NN,0
7798,pleasant,27,5.69130368796479e-05,14.100881310704926,32.79945663977042,pleasant,NN,NN,0
174,aid,51,0.0001075024029948,13.1833434708969,32.79945663977042,aid,NN,NN,0
5637,isengard,142,0.0002993204161818,11.706021693363711,32.79945663977042,isengard,NN,NN,0
11231,twilight,34,7.166826866326032e-05,13.768305971618055,32.79945663977042,twilight,NN,NN,0
4505,gollum,417,0.0008789902362523,10.151865239423731,32.79945663977042,gollum,NN,NN,0
1041,body,49,0.0001032866224852,13.241058968753189,32.79945663977042,bodi,NN,NN,0
5211,honour,51,0.0001075024029948,13.1833434708969,32.79945663977042,honour,NN,NN,0
5856,labour,31,6.5344597898855e-05,13.90157250248152,32.79945663977042,labour,NN,NN,0
3640,father,68,0.0001433365373265,12.768305971618055,32.79945663977042,father,NN,NN,0
12067,whisper,34,7.166826866326032e-05,13.768305971618055,32.758503015303766,whisper,NN,NN,0
4795,hall,114,0.0002402994890474,12.022878798703651,32.758503015303766,hall,NN,NN,0
4636,grim,39,8.220771993726919e-05,13.570366594006147,32.758503015303766,grim,NN,NN,0
8329,realm,58,0.0001222576347785,12.997787817740823,32.758503015303766,realm,NN,NN,0
10494,sweet,52,0.0001096102932496,13.155329094727303,32.758503015303766,sweet,NN,NN,0
9172,serve,34,7.166826866326032e-05,13.768305971618055,32.758503015303766,serv,NN,NN,0
4626,grief,45,9.485506146607982e-05,13.36391571653872,32.758503015303766,grief,NN,NN,0
10173,stop,48,0.0001011787322304,13.27080631214724,32.758503015303766,stop,NN,NN,0
11954,weather,44,9.274717121127804e-05,13.396337194231098,32.758503015303766,weather,NN,NN,0
3222,elvish,59,0.0001243655250333,12.973125763506554,32.758503015303766,elvish,JJ,JJ,0
1587,certain,33,6.956037840845854e-05,13.811374693509942,32.758503015303766,certain,JJ,JJ,0
2985,drove,35,7.377615891806209e-05,13.726485795923429,32.758503015303766,drove,NN,NN,0
2385,dare,37,7.799193942766564e-05,13.646315447239443,32.758503015303766,dare,NN,NN,0
3748,fight,48,0.0001011787322304,13.27080631214724,32.758503015303766,fight,NN,NN,0
12210,wizard,98,0.0002065732449705,12.241058968753189,32.758503015303766,wizard,NN,NN,0
6947,naught,33,6.956037840845854e-05,13.811374693509942,32.758503015303766,naught,NN,NN,0
1693,chill,45,9.485506146607982e-05,13.36391571653872,32.758503015303766,chill,NN,NN,0
5014,height,41,8.642350044687274e-05,13.498216808250312,32.758503015303766,height,NN,NN,0
234,aloud,42,8.853139070167451e-05,13.463451390089634,32.758503015303766,aloud,NN,NN,0
3549,fading,31,6.5344597898855e-05,13.90157250248152,32.758503015303766,fade,NN,NN,0
2674,difficult,37,7.799193942766564e-05,13.646315447239443,32.758503015303766,difficult,JJ,JJ,0
4110,fortune,35,7.377615891806209e-05,13.726485795923429,32.758503015303766,fortun,NN,NN,0
6526,meant,38,8.009982968246742e-05,13.607841299424807,32.758503015303766,meant,NN,NN,0
12342,wrought,45,9.485506146607982e-05,13.36391571653872,32.758503015303766,wrought,NN,NN,0
7468,pain,52,0.0001096102932496,13.155329094727303,32.758503015303766,pain,NN,NN,0
7083,noon,45,9.485506146607982e-05,13.36391571653872,32.758503015303766,noon,NN,NN,0
8486,remain,40,8.431561019207097e-05,13.533840717981032,32.758503015303766,remain,NN,NN,0
9271,sheer,48,0.0001011787322304,13.27080631214724,32.758503015303766,sheer,NN,NN,0
4886,harsh,28,5.902092713444967e-05,14.04841389081079,32.645364309990256,harsh,NN,NN,0
9717,snow,71,0.0001496602080909,12.706021693363711,32.645364309990256,snow,NN,NN,0
298,anger,27,5.69130368796479e-05,14.100881310704926,32.645364309990256,anger,NN,NN,0
6755,mood,25,5.269725637004435e-05,14.21191262309367,32.645364309990256,mood,NN,NN,0
722,bearing,37,7.799193942766564e-05,13.646315447239443,32.645364309990256,bear,NN,NN,0
9486,sir,73,0.0001538759886005,12.665944253988378,32.645364309990256,sir,NN,NN,0
5957,laughter,29,6.112881738925145e-05,13.997787817740823,32.645364309990256,laughter,NN,NN,0
7750,pit,30,6.323670764405322e-05,13.948878217259876,32.645364309990256,pit,NN,NN,0
590,bag,98,0.0002065732449705,12.241058968753189,32.645364309990256,bag,NN,NN,0
3019,dull,28,5.902092713444967e-05,14.04841389081079,32.645364309990256,dull,NN,NN,0
10007,staff,63,0.0001327970860525,12.878488889368478,32.645364309990256,staff,NN,NN,0
2125,council,53,0.0001117181835044,13.127848358305195,32.645364309990256,council,NN,NN,0
3119,ease,29,6.112881738925145e-05,13.997787817740823,32.645364309990256,eas,NN,NN,0
449,arrow,40,8.431561019207097e-05,13.533840717981032,32.645364309990256,arrow,NN,NN,0
120,advice,34,7.166826866326032e-05,13.768305971618055,32.645364309990256,advic,NN,NN,0
833,bend,25,5.269725637004435e-05,14.21191262309367,32.645364309990256,bend,NN,NN,0
3168,effort,33,6.956037840845854e-05,13.811374693509942,32.645364309990256,effort,NN,NN,0
3193,elendil,56,0.0001180418542688,13.04841389081079,32.645364309990256,elendil,NN,NN,0
3335,entrance,22,4.637358560563903e-05,14.396337194231098,32.645364309990256,entranc,NN,NN,0
1801,cliff,80,0.0001686312203841,12.533840717981032,32.645364309990256,cliff,NN,NN,0
3543,fact,38,8.009982968246742e-05,13.607841299424807,32.645364309990256,fact,NN,NN,0
7032,nightfall,25,5.269725637004435e-05,14.21191262309367,32.645364309990256,nightfal,NN,NN,0
2458,debate,27,5.69130368796479e-05,14.100881310704926,32.645364309990256,debat,NN,NN,0
1608,chamber,61,0.0001285813055429,12.92503147530551,32.645364309990256,chamber,NN,NN,0
1594,chain,33,6.956037840845854e-05,13.811374693509942,32.645364309990256,chain,NN,NN,0
10393,sunset,27,5.69130368796479e-05,14.100881310704926,32.645364309990256,sunset,NN,NN,0
5016,heir,40,8.431561019207097e-05,13.533840717981032,32.645364309990256,heir,NN,NN,0
7642,peregrin,48,0.0001011787322304,13.27080631214724,32.645364309990256,peregrin,NN,NN,0
6877,music,36,7.588404917286387e-05,13.685843811426082,32.645364309990256,music,NN,NN,0
8192,question,26,5.480514662484612e-05,14.155329094727303,32.645364309990256,question,NN,NN,0
791,beheld,23,4.84814758604408e-05,14.332206856811382,32.645364309990256,beheld,NN,NN,0
1289,brow,37,7.799193942766564e-05,13.646315447239443,32.645364309990256,brow,NN,NN,0
793,behold,41,8.642350044687274e-05,13.498216808250312,32.645364309990256,behold,NN,NN,0
2764,dismay,29,6.112881738925145e-05,13.997787817740823,32.645364309990256,dismay,NN,NN,0
12215,woke,40,8.431561019207097e-05,13.533840717981032,32.597671398390354,woke,NN,NN,0
549,awake,51,0.0001075024029948,13.1833434708969,32.597671398390354,awak,NN,NN,0
10288,struck,34,7.166826866326032e-05,13.768305971618055,32.597671398390354,struck,NN,NN,0
9940,spread,36,7.588404917286387e-05,13.685843811426082,32.597671398390354,spread,NN,NN,0
579,bad,53,0.0001117181835044,13.127848358305195,32.597671398390354,bad,JJ,JJ,0
12255,wore,40,8.431561019207097e-05,13.533840717981032,32.597671398390354,wore,NN,NN,0
9829,spare,32,6.745248815365677e-05,13.855768812868396,32.597671398390354,spare,NN,NN,0
12135,willing,38,8.009982968246742e-05,13.607841299424807,32.597671398390354,will,JJ,JJ,0
9809,southern,34,7.166826866326032e-05,13.768305971618055,32.597671398390354,southern,JJ,JJ,0
9819,southward,45,9.485506146607982e-05,13.36391571653872,32.597671398390354,southward,NN,NN,0
9790,sort,43,9.063928095647628e-05,13.429504058166298,32.597671398390354,sort,NN,NN,0
1231,bridge,89,0.0001876022326773,12.380035381901996,32.597671398390354,bridg,NN,NN,0
9606,slope,68,0.0001433365373265,12.768305971618055,32.597671398390354,slope,NN,NN,0
1383,business,63,0.0001327970860525,12.878488889368478,32.597671398390354,busi,NN,NN,0
4116,fought,35,7.377615891806209e-05,13.726485795923429,32.597671398390354,fought,NN,NN,0
4056,forest,157,0.0003309387700038,11.561148063976768,32.597671398390354,forest,NN,NN,0
10388,sunlight,47,9.907084197568336e-05,13.301179961190758,32.597671398390354,sunlight,NN,NN,0
9649,smiled,46,9.69629517208816e-05,13.332206856811382,32.597671398390354,smile,NN,NN,0
8081,proud,54,0.0001138260737592,13.100881310704926,32.597671398390354,proud,NN,NN,0
1803,climb,51,0.0001075024029948,13.1833434708969,32.597671398390354,climb,NN,NN,0
3484,expect,40,8.431561019207097e-05,13.533840717981032,32.597671398390354,expect,VB,VB,0
3430,everything,61,0.0001285813055429,12.92503147530551,32.597671398390354,everyth,NN,NN,0
7966,prepared,36,7.588404917286387e-05,13.685843811426082,32.597671398390354,prepar,JJ,JJ,0
2132,count,39,8.220771993726919e-05,13.570366594006147,32.597671398390354,count,NN,NN,0
2971,driven,42,8.853139070167451e-05,13.463451390089634,32.597671398390354,driven,NN,NN,0
12414,ã,137,0.0002887809649078,11.757736729907869,32.597671398390354,ã,NN,NN,0
2274,cruel,39,8.220771993726919e-05,13.570366594006147,32.597671398390354,cruel,NN,NN,0
2668,die,52,0.0001096102932496,13.155329094727303,32.597671398390354,die,NN,NN,0
5986,leaf,49,0.0001032866224852,13.241058968753189,32.597671398390354,leaf,NN,NN,0
5720,joy,55,0.000115933964014,13.074409099343736,32.597671398390354,joy,NN,NN,0
5358,hurry,35,7.377615891806209e-05,13.726485795923429,32.597671398390354,hurri,NN,NN,0
10789,threw,38,8.009982968246742e-05,13.607841299424807,32.597671398390354,threw,NN,NN,0
8274,rang,40,8.431561019207097e-05,13.533840717981032,32.597671398390354,rang,NN,NN,0
12303,wrath,41,8.642350044687274e-05,13.498216808250312,32.597671398390354,wrath,NN,NN,0
1010,blowing,38,8.009982968246742e-05,13.607841299424807,32.597671398390354,blow,NN,NN,0
5649,isn,57,0.0001201497445237,13.022878798703651,32.597671398390354,isn,NN,NN,1
4176,friendship,32,6.745248815365677e-05,13.855768812868396,32.4191071419225,friendship,NN,NN,0
2851,dol,42,8.853139070167451e-05,13.463451390089634,32.4191071419225,dol,NN,NN,0
7800,please,26,5.480514662484612e-05,14.155329094727303,32.4191071419225,pleas,NN,NN,0
4580,grave,25,5.269725637004435e-05,14.21191262309367,32.4191071419225,grave,NN,NN,0
5217,hood,26,5.480514662484612e-05,14.155329094727303,32.4191071419225,hood,NN,NN,0
11504,unseen,26,5.480514662484612e-05,14.155329094727303,32.4191071419225,unseen,JJ,JJ,0
6661,minute,24,5.0589366115242574e-05,14.27080631214724,32.4191071419225,minut,NN,NN,0
7449,pack,38,8.009982968246742e-05,13.607841299424807,32.4191071419225,pack,NN,NN,0
9380,shrill,24,5.0589366115242574e-05,14.27080631214724,32.4191071419225,shrill,NN,NN,0
561,axe,51,0.0001075024029948,13.1833434708969,32.4191071419225,axe,NN,NN,0
7349,outer,38,8.009982968246742e-05,13.607841299424807,32.4191071419225,outer,NN,NN,0
9350,shot,41,8.642350044687274e-05,13.498216808250312,32.4191071419225,shot,NN,NN,0
4802,halt,31,6.5344597898855e-05,13.90157250248152,32.4191071419225,halt,NN,NN,0
977,blind,26,5.480514662484612e-05,14.155329094727303,32.4191071419225,blind,NN,NN,0
10399,supper,38,8.009982968246742e-05,13.607841299424807,32.4191071419225,supper,NN,NN,0
2488,deed,24,5.0589366115242574e-05,14.27080631214724,32.4191071419225,deed,NN,NN,0
2536,delight,29,6.112881738925145e-05,13.997787817740823,32.4191071419225,delight,NN,NN,0
8339,reason,31,6.5344597898855e-05,13.90157250248152,32.4191071419225,reason,NN,NN,0
9478,sinking,22,4.637358560563903e-05,14.396337194231098,32.4191071419225,sink,NN,NN,0
3137,eaten,27,5.69130368796479e-05,14.100881310704926,32.4191071419225,eaten,VB,VB,0
10815,thrown,23,4.84814758604408e-05,14.332206856811382,32.4191071419225,thrown,NN,NN,0
1445,camp,33,6.956037840845854e-05,13.811374693509942,32.4191071419225,camp,NN,NN,0
6790,mortal,32,6.745248815365677e-05,13.855768812868396,32.4191071419225,mortal,NN,NN,0
11740,vision,29,6.112881738925145e-05,13.997787817740823,32.4191071419225,vision,NN,NN,0
3949,flung,29,6.112881738925145e-05,13.997787817740823,32.4191071419225,flung,NN,NN,0
10969,torment,23,4.84814758604408e-05,14.332206856811382,32.4191071419225,torment,NN,NN,0
9102,seat,49,0.0001032866224852,13.241058968753189,32.4191071419225,seat,NN,NN,0
916,bite,23,4.84814758604408e-05,14.332206856811382,32.4191071419225,bite,NN,NN,0
3692,fellow,37,7.799193942766564e-05,13.646315447239443,32.4191071419225,fellow,NN,NN,0
3637,fate,31,6.5344597898855e-05,13.90157250248152,32.4191071419225,fate,NN,NN,0
4436,glimmer,20,4.215780509603548e-05,14.533840717981032,32.4191071419225,glimmer,NN,NN,0
1190,bread,26,5.480514662484612e-05,14.155329094727303,32.4191071419225,bread,NN,NN,0
7138,number,30,6.323670764405322e-05,13.948878217259876,32.4191071419225,number,NN,NN,0
11943,wear,24,5.0589366115242574e-05,14.27080631214724,32.4191071419225,wear,NN,NN,0
1940,companion,26,5.480514662484612e-05,14.155329094727303,32.4191071419225,companion,NN,NN,0
9212,shadowy,26,5.480514662484612e-05,14.155329094727303,32.4191071419225,shadowi,NN,NN,0
12038,wherever,20,4.215780509603548e-05,14.533840717981032,32.4191071419225,wherev,NN,NN,0
8798,rough,26,5.480514662484612e-05,14.155329094727303,32.4191071419225,rough,NN,NN,0
5774,kill,44,9.274717121127804e-05,13.396337194231098,32.4191071419225,kill,NN,NN,0
55,account,28,5.902092713444967e-05,14.04841389081079,32.4191071419225,account,NN,NN,0
10128,stiff,27,5.69130368796479e-05,14.100881310704926,32.4191071419225,stiff,NN,NN,0
12386,yonder,27,5.69130368796479e-05,14.100881310704926,32.4191071419225,yonder,NN,NN,0
307,angry,27,5.69130368796479e-05,14.100881310704926,32.4191071419225,angri,JJ,JJ,0
10303,stuff,29,6.112881738925145e-05,13.997787817740823,32.4191071419225,stuff,NN,NN,0
394,arch,46,9.69629517208816e-05,13.332206856811382,32.4191071419225,arch,NN,NN,0
6269,lose,29,6.112881738925145e-05,13.997787817740823,32.4191071419225,lose,VB,VB,0
9929,spot,25,5.269725637004435e-05,14.21191262309367,32.4191071419225,spot,NN,NN,0
10075,stayed,26,5.480514662484612e-05,14.155329094727303,32.4191071419225,stay,NN,NN,0
6306,luck,34,7.166826866326032e-05,13.768305971618055,32.4191071419225,luck,NN,NN,0
5629,iron,49,0.0001032866224852,13.241058968753189,32.38133782203198,iron,NN,NN,0
10983,touch,47,9.907084197568336e-05,13.301179961190758,32.38133782203198,touch,NN,NN,0
11714,view,39,8.220771993726919e-05,13.570366594006147,32.38133782203198,view,NN,NN,0
6949,nay,66,0.0001391207568169,12.811374693509942,32.38133782203198,nay,NN,NN,0
5749,keen,44,9.274717121127804e-05,13.396337194231098,32.38133782203198,keen,NN,NN,0
4395,gimli,390,0.0008220771993726,10.248438499118784,32.38133782203198,gimli,NN,NN,0
4417,glance,35,7.377615891806209e-05,13.726485795923429,32.38133782203198,glanc,NN,NN,0
2076,cool,55,0.000115933964014,13.074409099343736,32.38133782203198,cool,NN,NN,0
1237,brief,45,9.485506146607982e-05,13.36391571653872,32.38133782203198,brief,NN,NN,0
1470,captain,78,0.0001644154398745,12.570366594006147,32.38133782203198,captain,NN,NN,0
7954,precious,134,0.0002824572941434,11.789679622410622,32.38133782203198,preciou,JJ,JJ,0
7904,possible,41,8.642350044687274e-05,13.498216808250312,32.38133782203198,possibl,JJ,JJ,0
5874,lady,164,0.0003456940017874,11.498216808250312,32.38133782203198,ladi,NN,NN,0
1386,busy,52,0.0001096102932496,13.155329094727303,32.38133782203198,busi,JJ,JJ,0
5342,hungry,49,0.0001032866224852,13.241058968753189,32.38133782203198,hungri,NN,NN,0
3373,errand,70,0.0001475523178361,12.726485795923429,32.38133782203198,errand,NN,NN,0
1104,borne,40,8.431561019207097e-05,13.533840717981032,32.38133782203198,born,NN,NN,0
10548,table,64,0.0001349049763073,12.855768812868396,32.38133782203198,tabl,NN,NN,0
6276,lot,57,0.0001201497445237,13.022878798703651,32.38133782203198,lot,NN,NN,0
2616,despair,54,0.0001138260737592,13.100881310704926,32.38133782203198,despair,NN,NN,0
2631,destroyed,54,0.0001138260737592,13.100881310704926,32.38133782203198,destroy,NN,NN,0
10018,stair,77,0.0001623075496197,12.588982272173494,32.38133782203198,stair,NN,NN,0
9352,shoulder,55,0.000115933964014,13.074409099343736,32.38133782203198,shoulder,NN,NN,0
6520,meal,43,9.063928095647628e-05,13.429504058166298,32.38133782203198,meal,NN,NN,0
2938,dreadful,60,0.0001264734152881,12.948878217259876,32.38133782203198,dread,NN,NN,0
5085,hide,40,8.431561019207097e-05,13.533840717981032,32.38133782203198,hide,NN,NN,0
6383,mail,55,0.000115933964014,13.074409099343736,32.38133782203198,mail,NN,NN,0
11625,vain,38,8.009982968246742e-05,13.607841299424807,32.38133782203198,vain,NN,NN,0
6069,level,43,9.063928095647628e-05,13.429504058166298,32.38133782203198,level,NN,NN,0
12367,yellow,58,0.0001222576347785,12.997787817740823,32.38133782203198,yellow,NN,NN,0
2252,cross,49,0.0001032866224852,13.241058968753189,32.38133782203198,cross,NN,NN,0
8957,saruman,281,0.0005923171615992,10.72134249264747,32.38133782203198,saruman,NN,NN,0
724,beast,45,9.485506146607982e-05,13.36391571653872,32.38133782203198,beast,NN,NN,0
9648,smile,27,5.69130368796479e-05,14.100881310704926,32.11688356100213,smile,NN,NN,0
3738,fierce,26,5.480514662484612e-05,14.155329094727303,32.11688356100213,fierc,NN,NN,0
8842,rule,34,7.166826866326032e-05,13.768305971618055,32.11688356100213,rule,NN,NN,0
5258,horrible,32,6.745248815365677e-05,13.855768812868396,32.11688356100213,horribl,JJ,JJ,0
10752,thither,29,6.112881738925145e-05,13.997787817740823,32.11688356100213,thither,NN,NN,0
433,arose,22,4.637358560563903e-05,14.396337194231098,32.11688356100213,aros,NN,NN,0
8183,queer,51,0.0001075024029948,13.1833434708969,32.11688356100213,queer,NN,NN,0
6283,louder,22,4.637358560563903e-05,14.396337194231098,32.11688356100213,louder,NN,NN,0
770,beg,22,4.637358560563903e-05,14.396337194231098,32.11688356100213,beg,NN,NN,0
5086,hideous,37,7.799193942766564e-05,13.646315447239443,32.11688356100213,hideou,JJ,JJ,0
8869,rush,22,4.637358560563903e-05,14.396337194231098,32.11688356100213,rush,NN,NN,0
6598,message,33,6.956037840845854e-05,13.811374693509942,32.11688356100213,messag,NN,NN,0
12009,westernesse,19,4.004991484123371e-05,14.607841299424807,32.11688356100213,westerness,NN,NN,0
6703,mistake,24,5.0589366115242574e-05,14.27080631214724,32.11688356100213,mistak,NN,NN,0
5141,history,30,6.323670764405322e-05,13.948878217259876,32.11688356100213,histori,NN,NN,0
8661,ridden,40,8.431561019207097e-05,13.533840717981032,32.11688356100213,ridden,NN,NN,0
3596,fancy,23,4.84814758604408e-05,14.332206856811382,32.11688356100213,fanci,NN,NN,0
4424,glass,39,8.220771993726919e-05,13.570366594006147,32.11688356100213,glass,NN,NN,0
8548,report,22,4.637358560563903e-05,14.396337194231098,32.11688356100213,report,NN,NN,0
9853,spear,32,6.745248815365677e-05,13.855768812868396,32.11688356100213,spear,NN,NN,0
10770,thousand,27,5.69130368796479e-05,14.100881310704926,32.11688356100213,thousand,NN,NN,0
6778,morgul,59,0.0001243655250333,12.973125763506554,32.11688356100213,morgul,NN,NN,0
6397,malice,32,6.745248815365677e-05,13.855768812868396,32.11688356100213,malic,NN,NN,0
9668,smote,23,4.84814758604408e-05,14.332206856811382,32.11688356100213,smote,NN,NN,0
8765,rohirrim,48,0.0001011787322304,13.27080631214724,32.11688356100213,rohirrim,VB,VB,0
3015,due,20,4.215780509603548e-05,14.533840717981032,32.11688356100213,due,JJ,JJ,0
11371,uneasy,22,4.637358560563903e-05,14.396337194231098,32.11688356100213,uneasi,JJ,JJ,0
3145,echo,24,5.0589366115242574e-05,14.27080631214724,32.11688356100213,echo,NN,NN,0
11605,useful,22,4.637358560563903e-05,14.396337194231098,32.11688356100213,use,JJ,JJ,0
7873,pony,63,0.0001327970860525,12.878488889368478,32.11688356100213,poni,NN,NN,0
5884,lake,32,6.745248815365677e-05,13.855768812868396,32.11688356100213,lake,NN,NN,0
2928,draught,26,5.480514662484612e-05,14.155329094727303,32.11688356100213,draught,NN,NN,0
7329,osgiliath,34,7.166826866326032e-05,13.768305971618055,32.11688356100213,osgiliath,NN,NN,0
2124,couldn,25,5.269725637004435e-05,14.21191262309367,32.11688356100213,couldn,NN,NN,1
2147,courage,29,6.112881738925145e-05,13.997787817740823,32.11688356100213,courag,NN,NN,0
287,anduin,68,0.0001433365373265,12.768305971618055,32.11155887321959,anduin,NN,NN,0
6434,march,58,0.0001222576347785,12.997787817740823,32.11155887321959,march,NN,NN,0
8773,roof,60,0.0001264734152881,12.948878217259876,32.11155887321959,roof,NN,NN,0
6711,misty,43,9.063928095647628e-05,13.429504058166298,32.11155887321959,misti,NN,NN,0
9247,sharp,46,9.69629517208816e-05,13.332206856811382,32.11155887321959,sharp,JJ,JJ,0
11856,warm,50,0.00010539451274,13.21191262309367,32.11155887321959,warm,NN,NN,0
9760,somehow,47,9.907084197568336e-05,13.301179961190758,32.11155887321959,somehow,NN,NN,0
10668,terrible,53,0.0001117181835044,13.127848358305195,32.11155887321959,terribl,JJ,JJ,0
10057,start,43,9.063928095647628e-05,13.429504058166298,32.11155887321959,start,NN,NN,0
6633,mile,48,0.0001011787322304,13.27080631214724,32.11155887321959,mile,NN,NN,0
7445,pace,41,8.642350044687274e-05,13.498216808250312,32.11155887321959,pace,NN,NN,0
6288,love,79,0.0001665233301293,12.551988064691292,32.11155887321959,love,NN,NN,0
2343,d,131,0.000276133623379,11.822345811330946,32.11155887321959,d,NN,NN,1
4969,hearing,38,8.009982968246742e-05,13.607841299424807,32.11155887321959,hear,NN,NN,0
31,able,40,8.431561019207097e-05,13.533840717981032,32.11155887321959,abl,JJ,JJ,0
8667,rider,90,0.0001897101229321,12.36391571653872,32.11155887321959,rider,NN,NN,0
727,beat,32,6.745248815365677e-05,13.855768812868396,32.11155887321959,beat,NN,NN,0
7046,nine,78,0.0001644154398745,12.570366594006147,32.11155887321959,nine,NN,NN,0
3875,flat,56,0.0001180418542688,13.04841389081079,32.11155887321959,flat,JJ,JJ,0
197,alas,75,0.0001580917691101,12.626950122372516,32.11155887321959,ala,NN,NN,0
9147,send,66,0.0001391207568169,12.811374693509942,32.11155887321959,send,NN,NN,0
10937,tomorrow,50,0.00010539451274,13.21191262309367,32.11155887321959,tomorrow,NN,NN,0
6385,main,40,8.431561019207097e-05,13.533840717981032,32.11155887321959,main,JJ,JJ,0
1713,choose,57,0.0001201497445237,13.022878798703651,32.11155887321959,choos,NN,NN,0
8902,sad,46,9.69629517208816e-05,13.332206856811382,32.11155887321959,sad,NN,NN,0
8836,ruin,53,0.0001117181835044,13.127848358305195,32.11155887321959,ruin,NN,NN,0
1523,case,45,9.485506146607982e-05,13.36391571653872,32.11155887321959,case,NN,NN,0
10918,today,44,9.274717121127804e-05,13.396337194231098,32.11155887321959,today,NN,NN,0
1912,comfort,42,8.853139070167451e-05,13.463451390089634,31.79024414251979,comfort,NN,NN,0
6650,mine,58,0.0001222576347785,12.997787817740823,31.79024414251979,mine,NN,NN,0
9773,sooner,46,9.69629517208816e-05,13.332206856811382,31.79024414251979,sooner,NN,NN,0
3736,field,75,0.0001580917691101,12.626950122372516,31.79024414251979,field,NN,NN,0
8949,sang,43,9.063928095647628e-05,13.429504058166298,31.79024414251979,sang,NN,NN,0
8950,sank,41,8.642350044687274e-05,13.498216808250312,31.79024414251979,sank,NN,NN,0
826,belt,39,8.220771993726919e-05,13.570366594006147,31.79024414251979,belt,NN,NN,0
776,begin,47,9.907084197568336e-05,13.301179961190758,31.79024414251979,begin,NN,NN,0
7532,passage,70,0.0001475523178361,12.726485795923429,31.79024414251979,passag,NN,NN,0
3625,fashion,38,8.009982968246742e-05,13.607841299424807,31.79024414251979,fashion,NN,NN,0
5978,lead,75,0.0001580917691101,12.626950122372516,31.79024414251979,lead,NN,NN,0
9821,space,40,8.431561019207097e-05,13.533840717981032,31.79024414251979,space,NN,NN,0
10043,star,60,0.0001264734152881,12.948878217259876,31.79024414251979,star,NN,NN,0
1121,bottom,52,0.0001096102932496,13.155329094727303,31.79024414251979,bottom,NN,NN,0
2214,creature,61,0.0001285813055429,12.92503147530551,31.79024414251979,creatur,NN,NN,0
10111,step,63,0.0001327970860525,12.878488889368478,31.79024414251979,step,NN,NN,0
5248,horn,95,0.0002002495742061,12.285913204537447,31.79024414251979,horn,NN,NN,0
5316,huge,68,0.0001433365373265,12.768305971618055,31.79024414251979,huge,JJ,JJ,0
2127,counsel,80,0.0001686312203841,12.533840717981032,31.79024414251979,counsel,NN,NN,0
3129,eastern,64,0.0001349049763073,12.855768812868396,31.79024414251979,eastern,JJ,JJ,0
2092,corner,56,0.0001180418542688,13.04841389081079,31.79024414251979,corner,NN,NN,0
171,ah,63,0.0001327970860525,12.878488889368478,31.79024414251979,ah,NN,NN,0
151,age,53,0.0001117181835044,13.127848358305195,31.79024414251979,age,NN,NN,0
10904,tirith,114,0.0002402994890474,12.022878798703651,31.79024414251979,tirith,NN,NN,0
9288,shield,33,6.956037840845854e-05,13.811374693509942,31.734468975321107,shield,NN,NN,0
1827,closer,22,4.637358560563903e-05,14.396337194231098,31.734468975321107,closer,NN,NN,0
9013,scent,24,5.0589366115242574e-05,14.27080631214724,31.734468975321107,scent,NN,NN,0
8204,quicker,26,5.480514662484612e-05,14.155329094727303,31.734468975321107,quicker,NN,NN,0
11571,upper,23,4.84814758604408e-05,14.332206856811382,31.734468975321107,upper,JJ,JJ,0
8686,rim,27,5.69130368796479e-05,14.100881310704926,31.734468975321107,rim,NN,NN,0
2712,direction,31,6.5344597898855e-05,13.90157250248152,31.734468975321107,direct,NN,NN,0
10535,swung,26,5.480514662484612e-05,14.155329094727303,31.734468975321107,swung,NN,NN,0
9302,shine,18,3.7942024586431934e-05,14.685843811426082,31.734468975321107,shine,NN,NN,0
7222,offer,20,4.215780509603548e-05,14.533840717981032,31.734468975321107,offer,NN,NN,0
3609,faramir,296,0.0006239355154213,10.646315447239443,31.734468975321107,faramir,NN,NN,0
2559,denethor,142,0.0002993204161818,11.706021693363711,31.734468975321107,denethor,NN,NN,0
8671,ridge,40,8.431561019207097e-05,13.533840717981032,31.734468975321107,ridg,NN,NN,0
886,bid,32,6.745248815365677e-05,13.855768812868396,31.734468975321107,bid,NN,NN,0
10100,steeply,23,4.84814758604408e-05,14.332206856811382,31.734468975321107,steepli,NN,NN,0
7773,plan,30,6.323670764405322e-05,13.948878217259876,31.734468975321107,plan,NN,NN,0
10748,thirty,23,4.84814758604408e-05,14.332206856811382,31.734468975321107,thirti,NN,NN,0
11939,weapon,24,5.0589366115242574e-05,14.27080631214724,31.734468975321107,weapon,NN,NN,0
11607,useless,17,3.583413433163016e-05,14.768305971618055,31.734468975321107,useless,NN,NN,0
7117,notice,24,5.0589366115242574e-05,14.27080631214724,31.734468975321107,notic,NN,NN,0
1934,common,22,4.637358560563903e-05,14.396337194231098,31.734468975321107,common,NN,NN,0
5843,knowledge,29,6.112881738925145e-05,13.997787817740823,31.734468975321107,knowledg,NN,NN,0
1053,bold,20,4.215780509603548e-05,14.533840717981032,31.734468975321107,bold,NN,NN,0
10927,token,25,5.269725637004435e-05,14.21191262309367,31.734468975321107,token,NN,NN,0
9577,slender,26,5.480514662484612e-05,14.155329094727303,31.734468975321107,slender,NN,NN,0
9230,shan,24,5.0589366115242574e-05,14.27080631214724,31.734468975321107,shan,NN,NN,1
10144,stir,19,4.004991484123371e-05,14.607841299424807,31.734468975321107,stir,NN,NN,0
4386,gift,37,7.799193942766564e-05,13.646315447239443,31.734468975321107,gift,NN,NN,0
5953,laugh,27,5.69130368796479e-05,14.100881310704926,31.734468975321107,laugh,NN,NN,0
4467,glow,24,5.0589366115242574e-05,14.27080631214724,31.734468975321107,glow,NN,NN,0
3553,fail,30,6.323670764405322e-05,13.948878217259876,31.734468975321107,fail,NN,NN,0
2529,delay,24,5.0589366115242574e-05,14.27080631214724,31.734468975321107,delay,NN,NN,0
9899,spite,19,4.004991484123371e-05,14.607841299424807,31.734468975321107,spite,NN,NN,0
5108,hilt,32,6.745248815365677e-05,13.855768812868396,31.734468975321107,hilt,NN,NN,0
6415,manner,25,5.269725637004435e-05,14.21191262309367,31.734468975321107,manner,NN,NN,0
10367,summer,35,7.377615891806209e-05,13.726485795923429,31.734468975321107,summer,NN,NN,0
5134,hiss,23,4.84814758604408e-05,14.332206856811382,31.734468975321107,hiss,NN,NN,0
9870,spell,31,6.5344597898855e-05,13.90157250248152,31.734468975321107,spell,NN,NN,0
1127,bound,45,9.485506146607982e-05,13.36391571653872,31.419171443350702,bound,NN,NN,0
11948,weariness,48,0.0001011787322304,13.27080631214724,31.419171443350702,weari,NN,NN,0
1009,blow,48,0.0001011787322304,13.27080631214724,31.419171443350702,blow,NN,NN,0
9193,several,67,0.0001412286470717,12.789679622410622,31.419171443350702,sever,JJ,JJ,0
4426,gleam,46,9.69629517208816e-05,13.332206856811382,31.419171443350702,gleam,NN,NN,0
6004,learn,69,0.0001454444275813,12.747244356090226,31.419171443350702,learn,NN,NN,0
1683,chief,83,0.0001749548911485,12.48072938152147,31.419171443350702,chief,NN,NN,0
3045,dusk,48,0.0001011787322304,13.27080631214724,31.419171443350702,dusk,NN,NN,0
11131,troubled,56,0.0001180418542688,13.04841389081079,31.419171443350702,troubl,JJ,JJ,0
10717,thick,62,0.0001306891957977,12.90157250248152,31.419171443350702,thick,NN,NN,0
12289,wound,68,0.0001433365373265,12.768305971618055,31.419171443350702,wound,NN,NN,0
2666,didn,61,0.0001285813055429,12.92503147530551,31.419171443350702,didn,NN,NN,1
6164,listen,48,0.0001011787322304,13.27080631214724,31.419171443350702,listen,NN,NN,0
3136,eat,64,0.0001349049763073,12.855768812868396,31.419171443350702,eat,NN,NN,0
10741,third,59,0.0001243655250333,12.973125763506554,31.419171443350702,third,JJ,JJ,0
8321,read,59,0.0001243655250333,12.973125763506554,31.419171443350702,read,NN,NN,0
211,alive,53,0.0001117181835044,13.127848358305195,31.419171443350702,aliv,JJ,JJ,0
10273,strode,29,6.112881738925145e-05,13.997787817740823,31.26714096619,strode,NN,NN,0
11890,watchful,19,4.004991484123371e-05,14.607841299424807,31.26714096619,watch,NN,NN,0
1845,cloven,24,5.0589366115242574e-05,14.27080631214724,31.26714096619,cloven,NN,NN,0
5818,knelt,26,5.480514662484612e-05,14.155329094727303,31.26714096619,knelt,NN,NN,0
5290,household,22,4.637358560563903e-05,14.396337194231098,31.26714096619,household,NN,NN,0
2185,craft,21,4.426569535083726e-05,14.463451390089634,31.26714096619,craft,NN,NN,0
1791,cleft,24,5.0589366115242574e-05,14.27080631214724,31.26714096619,cleft,NN,NN,0
12084,whither,23,4.84814758604408e-05,14.332206856811382,31.26714096619,whither,NN,NN,0
12282,worth,26,5.480514662484612e-05,14.155329094727303,31.26714096619,worth,NN,NN,0
9309,ship,37,7.799193942766564e-05,13.646315447239443,31.26714096619,ship,NN,NN,0
4908,hate,25,5.269725637004435e-05,14.21191262309367,31.26714096619,hate,NN,NN,0
10813,throw,23,4.84814758604408e-05,14.332206856811382,31.26714096619,throw,NN,NN,0
4260,gaffer,52,0.0001096102932496,13.155329094727303,31.26714096619,gaffer,NN,NN,0
2970,drive,20,4.215780509603548e-05,14.533840717981032,31.26714096619,drive,NN,NN,0
9761,someone,28,5.902092713444967e-05,14.04841389081079,31.26714096619,someon,NN,NN,0
340,anxious,25,5.269725637004435e-05,14.21191262309367,31.26714096619,anxiou,JJ,JJ,0
9783,sorrow,27,5.69130368796479e-05,14.100881310704926,31.26714096619,sorrow,NN,NN,0
2925,drank,26,5.480514662484612e-05,14.155329094727303,31.26714096619,drank,NN,NN,0
8712,risk,18,3.7942024586431934e-05,14.685843811426082,31.26714096619,risk,NN,NN,0
8709,risen,17,3.583413433163016e-05,14.768305971618055,31.26714096619,risen,NN,NN,0
9641,smell,31,6.5344597898855e-05,13.90157250248152,31.26714096619,smell,NN,NN,0
11738,visible,18,3.7942024586431934e-05,14.685843811426082,31.26714096619,visibl,JJ,JJ,0
5725,judge,19,4.004991484123371e-05,14.607841299424807,31.26714096619,judg,NN,NN,0
8191,quest,29,6.112881738925145e-05,13.997787817740823,31.26714096619,quest,NN,NN,0
2320,curse,27,5.69130368796479e-05,14.100881310704926,31.26714096619,curs,NN,NN,0
362,appear,18,3.7942024586431934e-05,14.685843811426082,31.26714096619,appear,VB,VB,0
6588,meriadoc,27,5.69130368796479e-05,14.100881310704926,31.26714096619,meriadoc,NN,NN,0
9794,sought,27,5.69130368796479e-05,14.100881310704926,31.26714096619,sought,NN,NN,0
2842,doesn,29,6.112881738925145e-05,13.997787817740823,31.26714096619,doesn,NN,NN,1
10788,threshold,20,4.215780509603548e-05,14.533840717981032,31.26714096619,threshold,NN,NN,0
10841,théoden,204,0.0004300096119795,11.1833434708969,31.26714096619,théoden,NN,NN,0
1720,chose,21,4.426569535083726e-05,14.463451390089634,31.26714096619,chose,NN,NN,0
4186,fro,21,4.426569535083726e-05,14.463451390089634,31.26714096619,fro,NN,NN,0
7701,piece,20,4.215780509603548e-05,14.533840717981032,31.26714096619,piec,NN,NN,0
10794,throat,34,7.166826866326032e-05,13.768305971618055,31.26714096619,throat,NN,NN,0
2427,daylight,24,5.0589366115242574e-05,14.27080631214724,31.26714096619,daylight,NN,NN,0
10391,sunrise,17,3.583413433163016e-05,14.768305971618055,31.26714096619,sunris,NN,NN,0
6491,match,20,4.215780509603548e-05,14.533840717981032,31.26714096619,match,NN,NN,0
9207,shadowfax,70,0.0001475523178361,12.726485795923429,31.26714096619,shadowfax,NN,NN,0
5000,hedge,44,9.274717121127804e-05,13.396337194231098,31.26714096619,hedg,NN,NN,0
3101,ear,22,4.637358560563903e-05,14.396337194231098,31.26714096619,ear,NN,NN,0
2358,dale,39,8.220771993726919e-05,13.570366594006147,31.26714096619,dale,NN,NN,0
3048,dust,22,4.637358560563903e-05,14.396337194231098,31.26714096619,dust,NN,NN,0
1182,brave,18,3.7942024586431934e-05,14.685843811426082,31.26714096619,brave,NN,NN,0
730,beating,19,4.004991484123371e-05,14.607841299424807,31.26714096619,beat,NN,NN,0
12418,éomer,204,0.0004300096119795,11.1833434708969,31.26714096619,éomer,NN,NN,0
5880,lain,22,4.637358560563903e-05,14.396337194231098,31.26714096619,lain,NN,NN,0
10296,stuck,21,4.426569535083726e-05,14.463451390089634,31.26714096619,stuck,NN,NN,0
633,barad,28,5.902092713444967e-05,14.04841389081079,31.26714096619,barad,NN,NN,0
10779,threat,18,3.7942024586431934e-05,14.685843811426082,31.26714096619,threat,NN,NN,0
6366,madness,28,5.902092713444967e-05,14.04841389081079,31.26714096619,mad,NN,NN,0
2395,darker,22,4.637358560563903e-05,14.396337194231098,31.26714096619,darker,NN,NN,0
717,beard,22,4.637358560563903e-05,14.396337194231098,31.26714096619,beard,NN,NN,0
511,attempt,18,3.7942024586431934e-05,14.685843811426082,31.26714096619,attempt,NN,NN,0
2507,defence,31,6.5344597898855e-05,13.90157250248152,31.26714096619,defenc,NN,NN,0
3211,elrond,180,0.0003794202458643,11.36391571653872,31.0,elrond,NN,NN,0
1359,burning,61,0.0001285813055429,12.92503147530551,31.0,burn,NN,NN,0
1727,circle,52,0.0001096102932496,13.155329094727303,31.0,circl,NN,NN,0
935,blade,62,0.0001306891957977,12.90157250248152,31.0,blade,NN,NN,0
6448,mark,122,0.0002571626110858,11.92503147530551,31.0,mark,NN,NN,0
4686,grown,52,0.0001096102932496,13.155329094727303,31.0,grown,NN,NN,0
895,big,80,0.0001686312203841,12.533840717981032,31.0,big,JJ,JJ,0
10165,stony,63,0.0001327970860525,12.878488889368478,31.0,stoni,NN,NN,0
11666,vast,62,0.0001306891957977,12.90157250248152,31.0,vast,NN,NN,0
12337,wrong,45,9.485506146607982e-05,13.36391571653872,31.0,wrong,JJ,JJ,0
8298,rate,64,0.0001349049763073,12.855768812868396,31.0,rate,NN,NN,0
9472,single,42,8.853139070167451e-05,13.463451390089634,31.0,singl,JJ,JJ,0
1331,built,52,0.0001096102932496,13.155329094727303,31.0,built,NN,NN,0
8777,room,85,0.0001791706716581,12.446377876730692,31.0,room,NN,NN,0
4925,haven,49,0.0001032866224852,13.241058968753189,31.0,haven,NN,NN,1
1349,burden,61,0.0001285813055429,12.92503147530551,31.0,burden,NN,NN,0
10817,thrust,58,0.0001222576347785,12.997787817740823,31.0,thrust,NN,NN,0
9363,show,49,0.0001032866224852,13.241058968753189,31.0,show,NN,NN,0
9139,seldom,70,0.0001475523178361,12.726485795923429,31.0,seldom,NN,NN,0
6964,neck,59,0.0001243655250333,12.973125763506554,31.0,neck,NN,NN,0
473,asleep,67,0.0001412286470717,12.789679622410622,31.0,asleep,NN,NN,0
922,bitter,59,0.0001243655250333,12.973125763506554,31.0,bitter,NN,NN,0
11167,truth,54,0.0001138260737592,13.100881310704926,31.0,truth,NN,NN,0
1553,cave,27,5.69130368796479e-05,14.100881310704926,30.70958572167535,cave,NN,NN,0
479,assault,33,6.956037840845854e-05,13.811374693509942,30.70958572167535,assault,NN,NN,0
6919,nameless,19,4.004991484123371e-05,14.607841299424807,30.70958572167535,nameless,NN,NN,0
10437,surprised,23,4.84814758604408e-05,14.332206856811382,30.70958572167535,surpris,JJ,JJ,0
1490,careful,25,5.269725637004435e-05,14.21191262309367,30.70958572167535,care,NN,NN,0
4461,gloomy,15,3.161835382202661e-05,14.948878217259876,30.70958572167535,gloomi,NN,NN,0
5223,hoofs,30,6.323670764405322e-05,13.948878217259876,30.70958572167535,hoof,NN,NN,0
4442,glint,20,4.215780509603548e-05,14.533840717981032,30.70958572167535,glint,NN,NN,0
8276,ranger,20,4.215780509603548e-05,14.533840717981032,30.70958572167535,ranger,NN,NN,0
5643,isildur,75,0.0001580917691101,12.626950122372516,30.70958572167535,isildur,NN,NN,0
10848,tide,19,4.004991484123371e-05,14.607841299424807,30.70958572167535,tide,NN,NN,0
11881,wasn,29,6.112881738925145e-05,13.997787817740823,30.70958572167535,wasn,NN,NN,1
4634,grievous,18,3.7942024586431934e-05,14.685843811426082,30.70958572167535,grievou,JJ,JJ,0
6678,mischief,22,4.637358560563903e-05,14.396337194231098,30.70958572167535,mischief,NN,NN,0
5669,jagged,16,3.3726244076828385e-05,14.855768812868396,30.70958572167535,jag,NN,NN,0
4333,gather,19,4.004991484123371e-05,14.607841299424807,30.70958572167535,gather,NN,NN,0
6681,miserable,20,4.215780509603548e-05,14.533840717981032,30.70958572167535,miser,JJ,JJ,0
11863,warn,20,4.215780509603548e-05,14.533840717981032,30.70958572167535,warn,NN,NN,0
6696,miss,19,4.004991484123371e-05,14.607841299424807,30.70958572167535,miss,NN,NN,0
4344,gaze,18,3.7942024586431934e-05,14.685843811426082,30.70958572167535,gaze,NN,NN,0
6812,mount,23,4.84814758604408e-05,14.332206856811382,30.70958572167535,mount,NN,NN,0
6058,lesser,19,4.004991484123371e-05,14.607841299424807,30.70958572167535,lesser,NN,NN,0
5662,ithilien,38,8.009982968246742e-05,13.607841299424807,30.70958572167535,ithilien,NN,NN,0
8653,rich,22,4.637358560563903e-05,14.396337194231098,30.70958572167535,rich,JJ,JJ,0
5698,join,20,4.215780509603548e-05,14.533840717981032,30.70958572167535,join,NN,NN,0
7529,party,43,9.063928095647628e-05,13.429504058166298,30.70958572167535,parti,NN,NN,0
670,barrow,38,8.009982968246742e-05,13.607841299424807,30.70958572167535,barrow,NN,NN,0
11822,wander,20,4.215780509603548e-05,14.533840717981032,30.70958572167535,wander,NN,NN,0
1081,book,33,6.956037840845854e-05,13.811374693509942,30.70958572167535,book,NN,NN,0
5644,island,19,4.004991484123371e-05,14.607841299424807,30.70958572167535,island,NN,NN,0
6855,muil,34,7.166826866326032e-05,13.768305971618055,30.70958572167535,muil,NN,NN,0
7328,orthanc,78,0.0001644154398745,12.570366594006147,30.70958572167535,orthanc,NN,NN,0
1204,breathing,21,4.426569535083726e-05,14.463451390089634,30.70958572167535,breath,NN,NN,0
6348,lãrien,62,0.0001306891957977,12.90157250248152,30.70958572167535,lãrien,NN,NN,0
10123,stick,24,5.0589366115242574e-05,14.27080631214724,30.70958572167535,stick,NN,NN,0
2139,countless,17,3.583413433163016e-05,14.768305971618055,30.70958572167535,countless,NN,NN,0
11638,valour,22,4.637358560563903e-05,14.396337194231098,30.70958572167535,valour,NN,NN,0
1748,claim,26,5.480514662484612e-05,14.155329094727303,30.70958572167535,claim,NN,NN,0
3187,elder,22,4.637358560563903e-05,14.396337194231098,30.70958572167535,elder,NN,NN,0
1869,coat,22,4.637358560563903e-05,14.396337194231098,30.70958572167535,coat,NN,NN,0
11040,trap,23,4.84814758604408e-05,14.332206856811382,30.70958572167535,trap,NN,NN,0
4938,haze,17,3.583413433163016e-05,14.768305971618055,30.70958572167535,haze,NN,NN,0
9201,shade,19,4.004991484123371e-05,14.607841299424807,30.70958572167535,shade,NN,NN,0
2630,destroy,22,4.637358560563903e-05,14.396337194231098,30.70958572167535,destroy,NN,NN,0
9170,servant,23,4.84814758604408e-05,14.332206856811382,30.70958572167535,servant,NN,NN,0
516,attention,18,3.7942024586431934e-05,14.685843811426082,30.70958572167535,attent,NN,NN,0
5323,hullo,20,4.215780509603548e-05,14.533840717981032,30.70958572167535,hullo,NN,NN,0
7839,pocket,27,5.69130368796479e-05,14.100881310704926,30.70958572167535,pocket,NN,NN,0
3247,emyn,37,7.799193942766564e-05,13.646315447239443,30.70958572167535,emyn,NN,NN,0
1688,child,15,3.161835382202661e-05,14.948878217259876,30.70958572167535,child,NN,NN,0
11193,tunnel,51,0.0001075024029948,13.1833434708969,30.70958572167535,tunnel,NN,NN,0
10262,string,16,3.3726244076828385e-05,14.855768812868396,30.70958572167535,string,NN,NN,0
12229,wonderful,21,4.426569535083726e-05,14.463451390089634,30.70958572167535,wonder,NN,NN,0
507,attack,20,4.215780509603548e-05,14.533840717981032,30.70958572167535,attack,NN,NN,0
728,beaten,18,3.7942024586431934e-05,14.685843811426082,30.70958572167535,beaten,NN,NN,0
932,blackness,20,4.215780509603548e-05,14.533840717981032,30.70958572167535,black,NN,NN,0
10364,sullen,18,3.7942024586431934e-05,14.685843811426082,30.70958572167535,sullen,NN,NN,0
11058,treasure,24,5.0589366115242574e-05,14.27080631214724,30.70958572167535,treasur,NN,NN,0
6247,loose,28,5.902092713444967e-05,14.04841389081079,30.70958572167535,loos,JJ,JJ,0
3792,finish,18,3.7942024586431934e-05,14.685843811426082,30.70958572167535,finish,NN,NN,0
10570,taller,18,3.7942024586431934e-05,14.685843811426082,30.70958572167535,taller,NN,NN,0
3761,fill,22,4.637358560563903e-05,14.396337194231098,30.70958572167535,fill,NN,NN,0
3757,file,18,3.7942024586431934e-05,14.685843811426082,30.70958572167535,file,NN,NN,0
12123,wilderness,20,4.215780509603548e-05,14.533840717981032,30.70958572167535,wilder,NN,NN,0
6011,leather,19,4.004991484123371e-05,14.607841299424807,30.70958572167535,leather,NN,NN,0
6114,likely,54,0.0001138260737592,13.100881310704926,30.534281932380008,like,JJ,JJ,0
9333,shook,44,9.274717121127804e-05,13.396337194231098,30.534281932380008,shook,NN,NN,0
7093,northern,58,0.0001222576347785,12.997787817740823,30.534281932380008,northern,JJ,JJ,0
5360,hurt,64,0.0001349049763073,12.855768812868396,30.534281932380008,hurt,NN,NN,0
1290,brown,62,0.0001306891957977,12.90157250248152,30.534281932380008,brown,NN,NN,0
10945,tonight,65,0.0001370128665621,12.833400999839942,30.534281932380008,tonight,NN,NN,0
12175,wise,97,0.0002044653547157,12.255855970681267,30.534281932380008,wise,NN,NN,0
5262,horse,160,0.0003372624407682,11.533840717981032,30.534281932380008,hors,NN,NN,0
3856,flame,60,0.0001264734152881,12.948878217259876,30.534281932380008,flame,NN,NN,0
6143,line,109,0.0002297600377733,12.08758448809147,30.534281932380008,line,NN,NN,0
2449,dear,73,0.0001538759886005,12.665944253988378,30.534281932380008,dear,NN,NN,0
2737,discover,18,3.7942024586431934e-05,14.685843811426082,30.0557794366098,discov,NN,NN,0
1913,comfortable,19,4.004991484123371e-05,14.607841299424807,30.0557794366098,comfort,JJ,JJ,0
9514,skin,19,4.004991484123371e-05,14.607841299424807,30.0557794366098,skin,NN,NN,0
9223,shallow,24,5.0589366115242574e-05,14.27080631214724,30.0557794366098,shallow,NN,NN,0
11268,unable,18,3.7942024586431934e-05,14.685843811426082,30.0557794366098,unabl,JJ,JJ,0
8642,reward,21,4.426569535083726e-05,14.463451390089634,30.0557794366098,reward,NN,NN,0
1218,breeze,20,4.215780509603548e-05,14.533840717981032,30.0557794366098,breez,NN,NN,0
528,autumn,27,5.69130368796479e-05,14.100881310704926,30.0557794366098,autumn,NN,NN,0
8310,ravine,19,4.004991484123371e-05,14.607841299424807,30.0557794366098,ravin,NN,NN,0
9965,spy,19,4.004991484123371e-05,14.607841299424807,30.0557794366098,spi,NN,NN,0
10217,stranger,21,4.426569535083726e-05,14.463451390089634,30.0557794366098,stranger,NN,NN,0
3146,echoed,18,3.7942024586431934e-05,14.685843811426082,30.0557794366098,echo,NN,NN,0
7400,overhead,16,3.3726244076828385e-05,14.855768812868396,30.0557794366098,overhead,NN,NN,0
10193,stout,28,5.902092713444967e-05,14.04841389081079,30.0557794366098,stout,NN,NN,0
2146,couple,18,3.7942024586431934e-05,14.685843811426082,30.0557794366098,coupl,NN,NN,0
7254,ominous,20,4.215780509603548e-05,14.533840717981032,30.0557794366098,omin,JJ,JJ,0
10702,thence,17,3.583413433163016e-05,14.768305971618055,30.0557794366098,thenc,NN,NN,0
463,ash,21,4.426569535083726e-05,14.463451390089634,30.0557794366098,ash,NN,NN,0
4641,grimly,17,3.583413433163016e-05,14.768305971618055,30.0557794366098,grimli,NN,NN,0
5779,kin,20,4.215780509603548e-05,14.533840717981032,30.0557794366098,kin,NN,NN,0
9595,slip,18,3.7942024586431934e-05,14.685843811426082,30.0557794366098,slip,NN,NN,0
3666,feast,30,6.323670764405322e-05,13.948878217259876,30.0557794366098,feast,NN,NN,0
9262,sheath,16,3.3726244076828385e-05,14.855768812868396,30.0557794366098,sheath,NN,NN,0
11007,track,21,4.426569535083726e-05,14.463451390089634,30.0557794366098,track,NN,NN,0
3742,fiery,16,3.3726244076828385e-05,14.855768812868396,30.0557794366098,fieri,NN,NN,0
8908,sadly,20,4.215780509603548e-05,14.533840717981032,30.0557794366098,sadli,NN,NN,0
6871,murmur,17,3.583413433163016e-05,14.768305971618055,30.0557794366098,murmur,NN,NN,0
1404,bye,28,5.902092713444967e-05,14.04841389081079,30.0557794366098,bye,NN,NN,0
8426,refuge,19,4.004991484123371e-05,14.607841299424807,30.0557794366098,refug,NN,NN,0
4077,forgive,19,4.004991484123371e-05,14.607841299424807,30.0557794366098,forgiv,JJ,JJ,0
5391,idle,18,3.7942024586431934e-05,14.685843811426082,30.0557794366098,idl,JJ,JJ,0
8145,pursuit,25,5.269725637004435e-05,14.21191262309367,30.0557794366098,pursuit,NN,NN,0
6718,mithril,21,4.426569535083726e-05,14.463451390089634,30.0557794366098,mithril,NN,NN,0
10972,torn,18,3.7942024586431934e-05,14.685843811426082,30.0557794366098,torn,NN,NN,0
1582,centre,15,3.161835382202661e-05,14.948878217259876,30.0557794366098,centr,NN,NN,0
5990,league,18,3.7942024586431934e-05,14.685843811426082,30.0557794366098,leagu,NN,NN,0
5386,idea,18,3.7942024586431934e-05,14.685843811426082,30.0557794366098,idea,NN,NN,0
3771,final,21,4.426569535083726e-05,14.463451390089634,30.0557794366098,final,JJ,JJ,0
5343,hunt,21,4.426569535083726e-05,14.463451390089634,30.0557794366098,hunt,NN,NN,0
2981,drop,21,4.426569535083726e-05,14.463451390089634,30.0557794366098,drop,NN,NN,0
6567,menace,22,4.637358560563903e-05,14.396337194231098,30.0557794366098,menac,NN,NN,0
10008,stage,19,4.004991484123371e-05,14.607841299424807,30.0557794366098,stage,NN,NN,0
4839,happen,19,4.004991484123371e-05,14.607841299424807,30.0557794366098,happen,VB,VB,0
8046,promise,27,5.69130368796479e-05,14.100881310704926,30.0557794366098,promis,NN,NN,0
4841,happening,19,4.004991484123371e-05,14.607841299424807,30.0557794366098,happen,NN,NN,0
7788,play,17,3.583413433163016e-05,14.768305971618055,30.0557794366098,play,NN,NN,0
1011,blown,17,3.583413433163016e-05,14.768305971618055,30.0557794366098,blown,NN,NN,0
7970,present,75,0.0001580917691101,12.626950122372516,30.02347230393792,present,NN,NN,0
8752,rock,126,0.000265594172105,11.878488889368478,30.02347230393792,rock,NN,NN,0
10097,steep,63,0.0001327970860525,12.878488889368478,30.02347230393792,steep,NN,NN,0
9578,slept,60,0.0001264734152881,12.948878217259876,30.02347230393792,slept,NN,NN,0
8317,reach,63,0.0001327970860525,12.878488889368478,30.02347230393792,reach,NN,NN,0
745,bed,89,0.0001876022326773,12.380035381901996,30.02347230393792,bed,NN,NN,0
3753,figure,51,0.0001075024029948,13.1833434708969,30.02347230393792,figur,NN,NN,0
5279,hot,58,0.0001222576347785,12.997787817740823,30.02347230393792,hot,JJ,JJ,0
8966,sauron,140,0.0002951046356722,11.726485795923429,30.02347230393792,sauron,NN,NN,0
996,blood,51,0.0001075024029948,13.1833434708969,30.02347230393792,blood,NN,NN,0
805,believe,66,0.0001391207568169,12.811374693509942,30.02347230393792,believ,VB,VB,0
3053,dwarf,113,0.0002381915987926,12.035589850453208,30.02347230393792,dwarf,NN,NN,0
2422,dawn,74,0.0001559838788553,12.646315447239443,30.02347230393792,dawn,NN,NN,0
8251,rain,77,0.0001623075496197,12.588982272173494,30.02347230393792,rain,NN,NN,0
6172,lit,60,0.0001264734152881,12.948878217259876,29.468937950642218,lit,NN,NN,0
625,bank,106,0.0002234363670089,12.127848358305195,29.468937950642218,bank,NN,NN,0
2802,distant,58,0.0001222576347785,12.997787817740823,29.468937950642218,distant,NN,NN,0
4337,gathering,57,0.0001201497445237,13.022878798703651,29.468937950642218,gather,NN,NN,0
2224,crept,63,0.0001327970860525,12.878488889368478,29.468937950642218,crept,NN,NN,0
6932,narrow,86,0.0001812785619129,12.429504058166298,29.468937950642218,narrow,NN,NN,0
9424,sighed,58,0.0001222576347785,12.997787817740823,29.468937950642218,sigh,NN,NN,0
4457,gloom,68,0.0001433365373265,12.768305971618055,29.468937950642218,gloom,NN,NN,0
1747,clad,77,0.0001623075496197,12.588982272173494,29.468937950642218,clad,NN,NN,0
7294,orc,181,0.0003815281361191,11.35592292578519,29.468937950642218,orc,NN,NN,0
8763,rohan,202,0.0004257938314699,11.1975573301166,29.468937950642218,rohan,NN,NN,0
7278,opening,71,0.0001496602080909,12.706021693363711,29.468937950642218,open,NN,NN,0
2865,doom,123,0.0002592705013406,11.913254307529156,29.468937950642218,doom,NN,NN,0
7162,o,138,0.0002908888551626,11.747244356090226,29.468937950642218,o,NN,NN,1
9862,speech,69,0.0001454444275813,12.747244356090226,29.468937950642218,speech,NN,NN,0
900,bilbo,329,0.0006934958938297,10.493825039133156,29.468937950642218,bilbo,NN,NN,0
10564,talk,100,0.0002107890254801,12.21191262309367,29.468937950642218,talk,NN,NN,0
1013,blue,67,0.0001412286470717,12.789679622410622,29.468937950642218,blue,NN,NN,0
12151,window,84,0.0001770627814033,12.463451390089634,29.468937950642218,window,NN,NN,0
2443,deal,85,0.0001791706716581,12.446377876730692,29.468937950642218,deal,NN,NN,0
560,awoke,16,3.3726244076828385e-05,14.855768812868396,29.29883569919518,awok,NN,NN,0
10369,summit,16,3.3726244076828385e-05,14.855768812868396,29.29883569919518,summit,NN,NN,0
5695,job,20,4.215780509603548e-05,14.533840717981032,29.29883569919518,job,NN,NN,0
10768,thoughtfully,20,4.215780509603548e-05,14.533840717981032,29.29883569919518,thought,NN,NN,0
580,bade,22,4.637358560563903e-05,14.396337194231098,29.29883569919518,bade,NN,NN,0
222,allow,15,3.161835382202661e-05,14.948878217259876,29.29883569919518,allow,VB,VB,0
2474,decide,20,4.215780509603548e-05,14.533840717981032,29.29883569919518,decid,NN,NN,0
9214,shaft,21,4.426569535083726e-05,14.463451390089634,29.29883569919518,shaft,NN,NN,0
6760,moonlight,22,4.637358560563903e-05,14.396337194231098,29.29883569919518,moonlight,NN,NN,0
3940,flower,21,4.426569535083726e-05,14.463451390089634,29.29883569919518,flower,NN,NN,0
5980,leader,36,7.588404917286387e-05,13.685843811426082,29.29883569919518,leader,NN,NN,0
8904,saddle,19,4.004991484123371e-05,14.607841299424807,29.29883569919518,saddl,NN,NN,0
7058,noble,17,3.583413433163016e-05,14.768305971618055,29.29883569919518,nobl,JJ,JJ,0
8758,rocky,18,3.7942024586431934e-05,14.685843811426082,29.29883569919518,rocki,NN,NN,0
11908,wave,15,3.161835382202661e-05,14.948878217259876,29.29883569919518,wave,NN,NN,0
628,banner,28,5.902092713444967e-05,14.04841389081079,29.29883569919518,banner,NN,NN,0
3964,foam,18,3.7942024586431934e-05,14.685843811426082,29.29883569919518,foam,NN,NN,0
2537,delighted,14,2.951046356722484e-05,15.04841389081079,29.29883569919518,delight,JJ,JJ,0
11053,treacherous,16,3.3726244076828385e-05,14.855768812868396,29.29883569919518,treacher,JJ,JJ,0
8061,proper,18,3.7942024586431934e-05,14.685843811426082,29.29883569919518,proper,NN,NN,0
5796,kingdom,19,4.004991484123371e-05,14.607841299424807,29.29883569919518,kingdom,NN,NN,0
10229,stray,13,2.740257331242306e-05,15.155329094727303,29.29883569919518,stray,NN,NN,0
3051,duty,21,4.426569535083726e-05,14.463451390089634,29.29883569919518,duti,NN,NN,0
5445,important,24,5.0589366115242574e-05,14.27080631214724,29.29883569919518,import,JJ,JJ,0
3174,eh,22,4.637358560563903e-05,14.396337194231098,29.29883569919518,eh,NN,NN,0
11680,veil,15,3.161835382202661e-05,14.948878217259876,29.29883569919518,veil,NN,NN,0
944,blanket,16,3.3726244076828385e-05,14.855768812868396,29.29883569919518,blanket,NN,NN,0
12354,yawned,14,2.951046356722484e-05,15.04841389081079,29.29883569919518,yawn,NN,NN,0
10554,tail,18,3.7942024586431934e-05,14.685843811426082,29.29883569919518,tail,NN,NN,0
5523,inner,19,4.004991484123371e-05,14.607841299424807,29.29883569919518,inner,NN,NN,0
1635,charge,19,4.004991484123371e-05,14.607841299424807,29.29883569919518,charg,NN,NN,0
194,alarm,15,3.161835382202661e-05,14.948878217259876,29.29883569919518,alarm,NN,NN,0
9241,share,15,3.161835382202661e-05,14.948878217259876,29.29883569919518,share,NN,NN,0
7745,pipe,30,6.323670764405322e-05,13.948878217259876,29.29883569919518,pipe,NN,NN,0
10178,store,20,4.215780509603548e-05,14.533840717981032,29.29883569919518,store,NN,NN,0
10230,strayed,13,2.740257331242306e-05,15.155329094727303,29.29883569919518,stray,NN,NN,0
11663,various,19,4.004991484123371e-05,14.607841299424807,29.29883569919518,variou,JJ,JJ,0
2912,dozen,23,4.84814758604408e-05,14.332206856811382,29.29883569919518,dozen,NN,NN,0
6101,lighter,16,3.3726244076828385e-05,14.855768812868396,29.29883569919518,lighter,NN,NN,0
8360,receive,14,2.951046356722484e-05,15.04841389081079,29.29883569919518,receiv,NN,NN,0
8352,recall,17,3.583413433163016e-05,14.768305971618055,29.29883569919518,recal,NN,NN,0
3971,fog,29,6.112881738925145e-05,13.997787817740823,29.29883569919518,fog,NN,NN,0
11999,wept,21,4.426569535083726e-05,14.463451390089634,29.29883569919518,wept,NN,NN,0
1895,colour,16,3.3726244076828385e-05,14.855768812868396,29.29883569919518,colour,NN,NN,0
3570,faithful,17,3.583413433163016e-05,14.768305971618055,29.29883569919518,faith,NN,NN,0
9559,slay,18,3.7942024586431934e-05,14.685843811426082,29.29883569919518,slay,NN,NN,0
10083,steady,19,4.004991484123371e-05,14.607841299424807,29.29883569919518,steadi,JJ,JJ,0
6043,lembas,20,4.215780509603548e-05,14.533840717981032,29.29883569919518,lemba,NN,NN,0
735,beauty,18,3.7942024586431934e-05,14.685843811426082,29.29883569919518,beauti,NN,NN,0
2302,cup,24,5.0589366115242574e-05,14.27080631214724,29.29883569919518,cup,NN,NN,0
11093,trick,17,3.583413433163016e-05,14.768305971618055,29.29883569919518,trick,NN,NN,0
8011,prince,34,7.166826866326032e-05,13.768305971618055,29.29883569919518,princ,NN,NN,0
4468,glowed,16,3.3726244076828385e-05,14.855768812868396,29.29883569919518,glow,NN,NN,0
5715,journeyed,27,5.69130368796479e-05,14.100881310704926,29.29883569919518,journey,NN,NN,0
9999,stabbed,15,3.161835382202661e-05,14.948878217259876,29.29883569919518,stab,NN,NN,0
1179,brandywine,29,6.112881738925145e-05,13.997787817740823,29.29883569919518,brandywin,NN,NN,0
4464,glory,20,4.215780509603548e-05,14.533840717981032,29.29883569919518,glori,NN,NN,0
2600,desert,14,2.951046356722484e-05,15.04841389081079,29.29883569919518,desert,NN,NN,0
12157,wine,25,5.269725637004435e-05,14.21191262309367,29.29883569919518,wine,NN,NN,0
4902,hat,23,4.84814758604408e-05,14.332206856811382,29.29883569919518,hat,NN,NN,0
341,anxiously,19,4.004991484123371e-05,14.607841299424807,29.29883569919518,anxious,NN,NN,0
7230,oft,15,3.161835382202661e-05,14.948878217259876,29.29883569919518,oft,NN,NN,0
11198,turf,23,4.84814758604408e-05,14.332206856811382,29.29883569919518,turf,NN,NN,0
8478,relief,17,3.583413433163016e-05,14.768305971618055,29.29883569919518,relief,NN,NN,0
6032,legend,21,4.426569535083726e-05,14.463451390089634,29.29883569919518,legend,NN,NN,0
5339,hunger,15,3.161835382202661e-05,14.948878217259876,29.29883569919518,hunger,NN,NN,0
6623,midnight,15,3.161835382202661e-05,14.948878217259876,29.29883569919518,midnight,NN,NN,0
6003,leapt,22,4.637358560563903e-05,14.396337194231098,29.29883569919518,leapt,NN,NN,0
2413,daughter,25,5.269725637004435e-05,14.21191262309367,29.29883569919518,daughter,NN,NN,0
8335,rear,19,4.004991484123371e-05,14.607841299424807,29.29883569919518,rear,NN,NN,0
11612,usual,17,3.583413433163016e-05,14.768305971618055,29.29883569919518,usual,JJ,JJ,0
5895,lamp,16,3.3726244076828385e-05,14.855768812868396,29.29883569919518,lamp,NN,NN,0
9278,shelter,19,4.004991484123371e-05,14.607841299424807,29.29883569919518,shelter,NN,NN,0
3135,easy,55,0.000115933964014,13.074409099343736,28.8719652704668,easi,JJ,JJ,0
1923,command,70,0.0001475523178361,12.726485795923429,28.8719652704668,command,NN,NN,0
10436,surprise,47,9.907084197568336e-05,13.301179961190758,28.8719652704668,surpris,NN,NN,0
3930,floor,77,0.0001623075496197,12.588982272173494,28.8719652704668,floor,NN,NN,0
8134,purpose,61,0.0001285813055429,12.92503147530551,28.8719652704668,purpos,NN,NN,0
1617,change,66,0.0001391207568169,12.811374693509942,28.8719652704668,chang,NN,NN,0
3557,faint,70,0.0001475523178361,12.726485795923429,28.8719652704668,faint,NN,NN,0
6500,matter,82,0.0001728470008937,12.498216808250312,28.8719652704668,matter,NN,NN,0
10942,tongue,86,0.0001812785619129,12.429504058166298,28.8719652704668,tongu,NN,NN,0
915,bit,114,0.0002402994890474,12.022878798703651,28.8719652704668,bit,NN,NN,0
9332,shone,70,0.0001475523178361,12.726485795923429,28.8719652704668,shone,NN,NN,0
6624,midst,56,0.0001180418542688,13.04841389081079,28.8719652704668,midst,NN,NN,0
4681,grow,62,0.0001306891957977,12.90157250248152,28.8719652704668,grow,NN,NN,0
12358,year,92,0.0001939259034417,12.332206856811382,28.8719652704668,year,NN,NN,0
9922,spoken,63,0.0001327970860525,12.878488889368478,28.8719652704668,spoken,NN,NN,0
11169,try,83,0.0001749548911485,12.48072938152147,28.8719652704668,tri,NN,NN,0
11673,ve,252,0.00053118834421,10.878488889368478,28.8719652704668,ve,NN,NN,1
9500,size,15,3.161835382202661e-05,14.948878217259876,28.430805715988637,size,NN,NN,0
4235,funny,23,4.84814758604408e-05,14.332206856811382,28.430805715988637,funni,NN,NN,0
699,bay,25,5.269725637004435e-05,14.21191262309367,28.430805715988637,bay,NN,NN,0
4112,forty,16,3.3726244076828385e-05,14.855768812868396,28.430805715988637,forti,NN,NN,0
5114,hinder,15,3.161835382202661e-05,14.948878217259876,28.430805715988637,hinder,NN,NN,0
8821,rubbed,14,2.951046356722484e-05,15.04841389081079,28.430805715988637,rub,NN,NN,0
497,astonishment,16,3.3726244076828385e-05,14.855768812868396,28.430805715988637,astonish,NN,NN,0
6465,marvel,14,2.951046356722484e-05,15.04841389081079,28.430805715988637,marvel,NN,NN,0
2920,dragon,19,4.004991484123371e-05,14.607841299424807,28.430805715988637,dragon,NN,NN,0
6615,mid,14,2.951046356722484e-05,15.04841389081079,28.430805715988637,mid,NN,NN,0
2324,curtain,17,3.583413433163016e-05,14.768305971618055,28.430805715988637,curtain,NN,NN,0
1520,carven,18,3.7942024586431934e-05,14.685843811426082,28.430805715988637,carven,NN,NN,0
968,bless,17,3.583413433163016e-05,14.768305971618055,28.430805715988637,bless,NN,NN,0
2334,custom,15,3.161835382202661e-05,14.948878217259876,28.430805715988637,custom,NN,NN,0
9662,smoking,17,3.583413433163016e-05,14.768305971618055,28.430805715988637,smoke,NN,NN,0
6833,movement,15,3.161835382202661e-05,14.948878217259876,28.430805715988637,movement,NN,NN,0
7467,paid,15,3.161835382202661e-05,14.948878217259876,28.430805715988637,paid,NN,NN,0
2817,disturbed,17,3.583413433163016e-05,14.768305971618055,28.430805715988637,disturb,NN,NN,0
11742,visit,14,2.951046356722484e-05,15.04841389081079,28.430805715988637,visit,NN,NN,0
3968,foe,21,4.426569535083726e-05,14.463451390089634,28.430805715988637,foe,NN,NN,0
4977,hearth,17,3.583413433163016e-05,14.768305971618055,28.430805715988637,hearth,NN,NN,0
1310,bubbling,14,2.951046356722484e-05,15.04841389081079,28.430805715988637,bubbl,NN,NN,0
11017,trail,51,0.0001075024029948,13.1833434708969,28.430805715988637,trail,NN,NN,0
8781,root,22,4.637358560563903e-05,14.396337194231098,28.430805715988637,root,NN,NN,0
6535,meat,16,3.3726244076828385e-05,14.855768812868396,28.430805715988637,meat,NN,NN,0
8942,samwise,25,5.269725637004435e-05,14.21191262309367,28.430805715988637,samwis,NN,NN,0
10802,throne,16,3.3726244076828385e-05,14.855768812868396,28.430805715988637,throne,NN,NN,0
11369,uneasily,14,2.951046356722484e-05,15.04841389081079,28.430805715988637,uneasili,NN,NN,0
7060,nobody,19,4.004991484123371e-05,14.607841299424807,28.430805715988637,nobodi,NN,NN,0
4847,happy,18,3.7942024586431934e-05,14.685843811426082,28.430805715988637,happi,JJ,JJ,0
10473,swan,15,3.161835382202661e-05,14.948878217259876,28.430805715988637,swan,NN,NN,0
2682,dike,35,7.377615891806209e-05,13.726485795923429,28.430805715988637,dike,NN,NN,0
6577,mention,17,3.583413433163016e-05,14.768305971618055,28.430805715988637,mention,NN,NN,0
8659,rid,16,3.3726244076828385e-05,14.855768812868396,28.430805715988637,rid,JJ,JJ,0
2198,crash,15,3.161835382202661e-05,14.948878217259876,28.430805715988637,crash,NN,NN,0
11055,treachery,16,3.3726244076828385e-05,14.855768812868396,28.430805715988637,treacheri,NN,NN,0
1177,brandybuck,27,5.69130368796479e-05,14.100881310704926,28.430805715988637,brandybuck,NN,NN,0
2491,deem,21,4.426569535083726e-05,14.463451390089634,28.430805715988637,deem,NN,NN,0
8018,prisoner,19,4.004991484123371e-05,14.607841299424807,28.430805715988637,prison,NN,NN,0
10486,swayed,14,2.951046356722484e-05,15.04841389081079,28.430805715988637,sway,NN,NN,0
7979,press,16,3.3726244076828385e-05,14.855768812868396,28.430805715988637,press,NN,NN,0
7632,perceive,13,2.740257331242306e-05,15.155329094727303,28.430805715988637,perceiv,NN,NN,0
3099,eagle,17,3.583413433163016e-05,14.768305971618055,28.430805715988637,eagl,NN,NN,0
5913,lane,46,9.69629517208816e-05,13.332206856811382,28.430805715988637,lane,NN,NN,0
7394,overcome,12,2.5294683057621287e-05,15.27080631214724,28.430805715988637,overcom,NN,NN,0
3497,explain,18,3.7942024586431934e-05,14.685843811426082,28.430805715988637,explain,NN,NN,0
9573,sleepy,17,3.583413433163016e-05,14.768305971618055,28.430805715988637,sleepi,NN,NN,0
7993,prevent,13,2.740257331242306e-05,15.155329094727303,28.430805715988637,prevent,NN,NN,0
2544,dell,30,6.323670764405322e-05,13.948878217259876,28.430805715988637,dell,NN,NN,0
11450,unlooked,14,2.951046356722484e-05,15.04841389081079,28.430805715988637,unlook,JJ,JJ,0
12372,yesterday,18,3.7942024586431934e-05,14.685843811426082,28.430805715988637,yesterday,NN,NN,0
2965,drinking,14,2.951046356722484e-05,15.04841389081079,28.430805715988637,drink,NN,NN,0
11875,wary,15,3.161835382202661e-05,14.948878217259876,28.430805715988637,wari,JJ,JJ,0
3352,eorl,29,6.112881738925145e-05,13.997787817740823,28.430805715988637,eorl,NN,NN,0
4776,hail,21,4.426569535083726e-05,14.463451390089634,28.430805715988637,hail,NN,NN,0
3747,fifty,21,4.426569535083726e-05,14.463451390089634,28.430805715988637,fifti,NN,NN,0
8484,reluctant,14,2.951046356722484e-05,15.04841389081079,28.430805715988637,reluct,NN,NN,0
4288,game,14,2.951046356722484e-05,15.04841389081079,28.430805715988637,game,NN,NN,0
1280,brooding,12,2.5294683057621287e-05,15.27080631214724,28.430805715988637,brood,NN,NN,0
6190,lo,19,4.004991484123371e-05,14.607841299424807,28.430805715988637,lo,NN,NN,0
11597,urgent,15,3.161835382202661e-05,14.948878217259876,28.430805715988637,urgent,NN,NN,0
7589,peak,16,3.3726244076828385e-05,14.855768812868396,28.430805715988637,peak,NN,NN,0
10860,tight,15,3.161835382202661e-05,14.948878217259876,28.430805715988637,tight,NN,NN,0
759,beer,27,5.69130368796479e-05,14.100881310704926,28.430805715988637,beer,NN,NN,0
888,bidding,12,2.5294683057621287e-05,15.27080631214724,28.430805715988637,bid,NN,NN,0
4611,greet,13,2.740257331242306e-05,15.155329094727303,28.430805715988637,greet,NN,NN,0
3676,fed,16,3.3726244076828385e-05,14.855768812868396,28.430805715988637,fed,NN,NN,0
1262,broad,61,0.0001285813055429,12.92503147530551,28.233767122004267,broad,JJ,JJ,0
5338,hung,59,0.0001243655250333,12.973125763506554,28.233767122004267,hung,NN,NN,0
10729,thin,70,0.0001475523178361,12.726485795923429,28.233767122004267,thin,NN,NN,0
8199,quick,76,0.0001601996593649,12.607841299424807,28.233767122004267,quick,NN,NN,0
4193,front,74,0.0001559838788553,12.646315447239443,28.233767122004267,front,NN,NN,0
2868,door,236,0.0004974621001332,10.973125763506554,28.233767122004267,door,NN,NN,0
644,bare,64,0.0001349049763073,12.855768812868396,28.233767122004267,bare,NN,NN,0
12008,western,67,0.0001412286470717,12.789679622410622,28.233767122004267,western,JJ,JJ,0
10674,terror,70,0.0001475523178361,12.726485795923429,28.233767122004267,terror,NN,NN,0
11161,trust,70,0.0001475523178361,12.726485795923429,28.233767122004267,trust,NN,NN,0
2610,desire,79,0.0001665233301293,12.551988064691292,28.233767122004267,desir,NN,NN,0
6702,mist,93,0.0001960337936965,12.316610001760363,28.233767122004267,mist,NN,NN,0
8666,ride,179,0.0003773123556095,11.37195303560414,28.233767122004267,ride,NN,NN,0
3133,eastward,96,0.0002023574644609,12.27080631214724,28.233767122004267,eastward,NN,NN,0
2964,drink,84,0.0001770627814033,12.463451390089634,28.233767122004267,drink,NN,NN,0
3381,escape,91,0.0001918180131869,12.3479741726697,27.55548895604324,escap,NN,NN,0
10411,suppose,79,0.0001665233301293,12.551988064691292,27.55548895604324,suppos,NN,NN,0
4101,forth,103,0.0002171126962445,12.169268285685176,27.55548895604324,forth,NN,NN,0
3612,farewell,100,0.0002107890254801,12.21191262309367,27.55548895604324,farewel,NN,NN,0
5927,large,110,0.0002318679280281,12.074409099343736,27.55548895604324,larg,JJ,JJ,0
12017,westward,72,0.0001517680983457,12.685843811426082,27.55548895604324,westward,NN,NN,0
11147,true,87,0.0001833864521677,12.412825317019667,27.55548895604324,true,JJ,JJ,0
975,blew,53,0.0001117181835044,13.127848358305195,27.55548895604324,blew,NN,NN,0
554,aware,72,0.0001517680983457,12.685843811426082,27.55548895604324,awar,JJ,JJ,0
9865,speed,81,0.0001707391106389,12.51591880998377,27.55548895604324,speed,NN,NN,0
9492,sit,66,0.0001391207568169,12.811374693509942,27.55548895604324,sit,NN,NN,0
12390,young,121,0.000255054720831,11.9369055755938,27.55548895604324,young,JJ,JJ,0
4703,guard,107,0.0002255442572637,12.114301826467248,27.55548895604324,guard,NN,NN,0
416,arm,84,0.0001770627814033,12.463451390089634,27.55548895604324,arm,NN,NN,0
7845,point,81,0.0001707391106389,12.51591880998377,27.55548895604324,point,NN,NN,0
1767,clasped,15,3.161835382202661e-05,14.948878217259876,27.44241160924536,clasp,NN,NN,0
1070,bombadil,38,8.009982968246742e-05,13.607841299424807,27.44241160924536,bombadil,NN,NN,0
6582,mercy,11,2.3186792802819512e-05,15.396337194231098,27.44241160924536,merci,NN,NN,0
2504,defeat,14,2.951046356722484e-05,15.04841389081079,27.44241160924536,defeat,NN,NN,0
8443,regret,14,2.951046356722484e-05,15.04841389081079,27.44241160924536,regret,NN,NN,0
3190,eldest,14,2.951046356722484e-05,15.04841389081079,27.44241160924536,eldest,NN,NN,0
2909,downwards,14,2.951046356722484e-05,15.04841389081079,27.44241160924536,downward,NN,NN,0
7308,ordinary,13,2.740257331242306e-05,15.155329094727303,27.44241160924536,ordinari,JJ,JJ,0
3635,fat,16,3.3726244076828385e-05,14.855768812868396,27.44241160924536,fat,NN,NN,0
6717,mithrandir,48,0.0001011787322304,13.27080631214724,27.44241160924536,mithrandir,NN,NN,0
1972,concern,12,2.5294683057621287e-05,15.27080631214724,27.44241160924536,concern,NN,NN,0
6092,lift,11,2.3186792802819512e-05,15.396337194231098,27.44241160924536,lift,NN,NN,0
11056,tread,18,3.7942024586431934e-05,14.685843811426082,27.44241160924536,tread,NN,NN,0
8814,row,22,4.637358560563903e-05,14.396337194231098,27.44241160924536,row,NN,NN,0
6942,nasty,24,5.0589366115242574e-05,14.27080631214724,27.44241160924536,nasti,JJ,JJ,0
7209,odd,20,4.215780509603548e-05,14.533840717981032,27.44241160924536,odd,NN,NN,0
541,avoid,11,2.3186792802819512e-05,15.396337194231098,27.44241160924536,avoid,NN,NN,0
9218,shake,13,2.740257331242306e-05,15.155329094727303,27.44241160924536,shake,NN,NN,0
819,belong,12,2.5294683057621287e-05,15.27080631214724,27.44241160924536,belong,NN,NN,0
958,bleak,14,2.951046356722484e-05,15.04841389081079,27.44241160924536,bleak,NN,NN,0
3719,fetch,16,3.3726244076828385e-05,14.855768812868396,27.44241160924536,fetch,NN,NN,0
591,baggage,18,3.7942024586431934e-05,14.685843811426082,27.44241160924536,baggag,NN,NN,0
5922,lap,19,4.004991484123371e-05,14.607841299424807,27.44241160924536,lap,NN,NN,0
6404,manage,15,3.161835382202661e-05,14.948878217259876,27.44241160924536,manag,NN,NN,0
11435,unknown,14,2.951046356722484e-05,15.04841389081079,27.44241160924536,unknown,JJ,JJ,0
9235,shapeless,12,2.5294683057621287e-05,15.27080631214724,27.44241160924536,shapeless,NN,NN,0
6805,motionless,13,2.740257331242306e-05,15.155329094727303,27.44241160924536,motionless,NN,NN,0
4252,fury,19,4.004991484123371e-05,14.607841299424807,27.44241160924536,furi,NN,NN,0
1313,buckland,31,6.5344597898855e-05,13.90157250248152,27.44241160924536,buckland,NN,NN,0
9356,shouldn,16,3.3726244076828385e-05,14.855768812868396,27.44241160924536,shouldn,NN,NN,1
10938,tone,11,2.3186792802819512e-05,15.396337194231098,27.44241160924536,tone,NN,NN,0
6308,lucky,13,2.740257331242306e-05,15.155329094727303,27.44241160924536,lucki,JJ,JJ,0
3610,fare,14,2.951046356722484e-05,15.04841389081079,27.44241160924536,fare,NN,NN,0
10618,teach,13,2.740257331242306e-05,15.155329094727303,27.44241160924536,teach,NN,NN,0
1103,born,13,2.740257331242306e-05,15.155329094727303,27.44241160924536,born,NN,NN,0
5446,impossible,12,2.5294683057621287e-05,15.27080631214724,27.44241160924536,imposs,JJ,JJ,0
1740,cirith,28,5.902092713444967e-05,14.04841389081079,27.44241160924536,cirith,NN,NN,0
1030,boat,61,0.0001285813055429,12.92503147530551,27.44241160924536,boat,NN,NN,0
2204,crawl,13,2.740257331242306e-05,15.155329094727303,27.44241160924536,crawl,NN,NN,0
10923,toil,12,2.5294683057621287e-05,15.27080631214724,27.44241160924536,toil,NN,NN,0
4844,happier,13,2.740257331242306e-05,15.155329094727303,27.44241160924536,happier,NN,NN,0
3895,flesh,16,3.3726244076828385e-05,14.855768812868396,27.44241160924536,flesh,NN,NN,0
10251,stricken,17,3.583413433163016e-05,14.768305971618055,27.44241160924536,stricken,NN,NN,0
3899,flew,12,2.5294683057621287e-05,15.27080631214724,27.44241160924536,flew,NN,NN,0
10720,thicket,15,3.161835382202661e-05,14.948878217259876,27.44241160924536,thicket,NN,NN,0
810,bell,19,4.004991484123371e-05,14.607841299424807,27.44241160924536,bell,NN,NN,0
11871,warrior,19,4.004991484123371e-05,14.607841299424807,27.44241160924536,warrior,NN,NN,0
1832,closing,13,2.740257331242306e-05,15.155329094727303,27.44241160924536,close,NN,NN,0
4043,forehead,13,2.740257331242306e-05,15.155329094727303,27.44241160924536,forehead,NN,NN,0
6914,naked,19,4.004991484123371e-05,14.607841299424807,27.44241160924536,nake,JJ,JJ,0
11976,week,18,3.7942024586431934e-05,14.685843811426082,27.44241160924536,week,NN,NN,0
5682,jest,12,2.5294683057621287e-05,15.27080631214724,27.44241160924536,jest,NN,NN,0
10382,sung,13,2.740257331242306e-05,15.155329094727303,27.44241160924536,sung,NN,NN,0
3745,fifth,13,2.740257331242306e-05,15.155329094727303,27.44241160924536,fifth,NN,NN,0
7566,pause,14,2.951046356722484e-05,15.04841389081079,27.44241160924536,paus,NN,NN,0
1286,brother,30,6.323670764405322e-05,13.948878217259876,27.44241160924536,brother,NN,NN,0
6531,measure,13,2.740257331242306e-05,15.155329094727303,27.44241160924536,measur,NN,NN,0
4088,form,14,2.951046356722484e-05,15.04841389081079,27.44241160924536,form,NN,NN,0
8180,queen,17,3.583413433163016e-05,14.768305971618055,27.44241160924536,queen,NN,NN,0
11973,weed,17,3.583413433163016e-05,14.768305971618055,27.44241160924536,weed,NN,NN,0
9423,sigh,14,2.951046356722484e-05,15.04841389081079,27.44241160924536,sigh,NN,NN,0
4715,guest,15,3.161835382202661e-05,14.948878217259876,27.44241160924536,guest,NN,NN,0
2568,deny,15,3.161835382202661e-05,14.948878217259876,27.44241160924536,deni,NN,NN,0
10050,starlight,16,3.3726244076828385e-05,14.855768812868396,27.44241160924536,starlight,NN,NN,0
7998,prey,12,2.5294683057621287e-05,15.27080631214724,27.44241160924536,prey,NN,NN,0
5267,horseman,15,3.161835382202661e-05,14.948878217259876,27.44241160924536,horseman,NN,NN,0
378,approach,12,2.5294683057621287e-05,15.27080631214724,27.44241160924536,approach,NN,NN,0
10775,thread,14,2.951046356722484e-05,15.04841389081079,27.44241160924536,thread,NN,NN,0
10790,thrice,12,2.5294683057621287e-05,15.27080631214724,27.44241160924536,thrice,NN,NN,0
12137,willow,39,8.220771993726919e-05,13.570366594006147,27.44241160924536,willow,NN,NN,0
4900,hasty,27,5.69130368796479e-05,14.100881310704926,27.44241160924536,hasti,NN,NN,0
2893,doubtless,15,3.161835382202661e-05,14.948878217259876,27.44241160924536,doubtless,NN,NN,0
9908,splendid,14,2.951046356722484e-05,15.04841389081079,27.44241160924536,splendid,NN,NN,0
8766,roll,15,3.161835382202661e-05,14.948878217259876,27.44241160924536,roll,NN,NN,0
1603,challenge,14,2.951046356722484e-05,15.04841389081079,27.44241160924536,challeng,NN,NN,0
6601,messenger,31,6.5344597898855e-05,13.90157250248152,27.44241160924536,messeng,NN,NN,0
6214,lofty,11,2.3186792802819512e-05,15.396337194231098,27.44241160924536,lofti,NN,NN,0
266,amon,24,5.0589366115242574e-05,14.27080631214724,27.44241160924536,amon,NN,NN,0
11691,venture,12,2.5294683057621287e-05,15.27080631214724,27.44241160924536,ventur,NN,NN,0
10889,tiny,11,2.3186792802819512e-05,15.396337194231098,27.44241160924536,tini,JJ,JJ,0
2388,daresay,17,3.583413433163016e-05,14.768305971618055,27.44241160924536,daresay,NN,NN,0
11978,weep,13,2.740257331242306e-05,15.155329094727303,27.44241160924536,weep,NN,NN,0
9459,simple,16,3.3726244076828385e-05,14.855768812868396,27.44241160924536,simpl,NN,NN,0
7689,pick,14,2.951046356722484e-05,15.04841389081079,27.44241160924536,pick,NN,NN,0
12284,worthy,14,2.951046356722484e-05,15.04841389081079,27.44241160924536,worthi,NN,NN,0
2220,creep,12,2.5294683057621287e-05,15.27080631214724,27.44241160924536,creep,NN,NN,0
9370,shrank,13,2.740257331242306e-05,15.155329094727303,27.44241160924536,shrank,NN,NN,0
10561,tale,100,0.0002107890254801,12.21191262309367,26.83821428384501,tale,NN,NN,0
2800,distance,68,0.0001433365373265,12.768305971618055,26.83821428384501,distanc,NN,NN,0
6355,m,132,0.0002782415136338,11.811374693509942,26.83821428384501,m,NN,NN,1
3627,fast,72,0.0001517680983457,12.685843811426082,26.83821428384501,fast,NN,NN,0
11885,watch,92,0.0001939259034417,12.332206856811382,26.83821428384501,watch,NN,NN,0
6282,loud,54,0.0001138260737592,13.100881310704926,26.83821428384501,loud,NN,NN,0
2376,danger,81,0.0001707391106389,12.51591880998377,26.83821428384501,danger,NN,NN,0
5780,kind,74,0.0001559838788553,12.646315447239443,26.83821428384501,kind,NN,NN,0
6631,mighty,86,0.0001812785619129,12.429504058166298,26.83821428384501,mighti,NN,NN,0
4499,gold,116,0.000244515269557,11.997787817740823,26.83821428384501,gold,NN,NN,0
4894,haste,71,0.0001496602080909,12.706021693363711,26.83821428384501,hast,NN,NN,0
9768,song,115,0.0002424073793022,12.01027876192402,26.83821428384501,song,NN,NN,0
9659,smoke,90,0.0001897101229321,12.36391571653872,26.83821428384501,smoke,NN,NN,0
8210,quiet,73,0.0001538759886005,12.665944253988378,26.83821428384501,quiet,JJ,JJ,0
2377,dangerous,71,0.0001496602080909,12.706021693363711,26.83821428384501,danger,JJ,JJ,0
4071,forget,59,0.0001243655250333,12.973125763506554,26.83821428384501,forget,NN,NN,0
10955,top,126,0.000265594172105,11.878488889368478,26.83821428384501,top,NN,NN,0
6669,mirror,26,5.480514662484612e-05,14.155329094727303,26.322682154995128,mirror,NN,NN,0
8005,pride,13,2.740257331242306e-05,15.155329094727303,26.322682154995128,pride,NN,NN,0
1137,bowl,16,3.3726244076828385e-05,14.855768812868396,26.322682154995128,bowl,NN,NN,0
5998,leap,11,2.3186792802819512e-05,15.396337194231098,26.322682154995128,leap,NN,NN,0
12275,worry,19,4.004991484123371e-05,14.607841299424807,26.322682154995128,worri,NN,NN,0
6116,likeness,12,2.5294683057621287e-05,15.27080631214724,26.322682154995128,like,NN,NN,0
10119,steward,34,7.166826866326032e-05,13.768305971618055,26.322682154995128,steward,NN,NN,0
11623,vague,12,2.5294683057621287e-05,15.27080631214724,26.322682154995128,vagu,NN,NN,0
1833,cloth,17,3.583413433163016e-05,14.768305971618055,26.322682154995128,cloth,NN,NN,0
9895,spirit,14,2.951046356722484e-05,15.04841389081079,26.322682154995128,spirit,NN,NN,0
2398,darkly,13,2.740257331242306e-05,15.155329094727303,26.322682154995128,darkli,NN,NN,0
